001_བསྟོད་ཚོགས།_ཀ,[203a.1]རྫོགས་སོ།།  {D1157}༄༅༅། །རྒྱ་གར་སྐད་དུ། གུ་ཎ་ཨ་པརྱནྟ་སྟོ་ཏྲ་བ་ཏུ་ཀཱ་རི་ཀཱ། བོད་སྐད་དུ། ཡོན་ཏན་མཐའ་ཡས་པར་བསྟོད་པའི་དོན་གྱི་ཚིག་ལེའུར་བྱས་པ། འཕགས་པ་འཇམ་དཔལ་ལ་ཕྱག་འཚལ་ལོ། །ཡོན་ཏན་མི་ཤེས་སྒྲོ་དག་དང་། །
010_རྒྱུད་འགྲེལ།_ཏ,[28b.4]སྣང་བ་མཐའ་ཡས་རྡོ་རྗེ་ལ་ཞལ་གྱིས་གནང་། དེས་ཡི་གེ་འདི་མཛད་དོ། །དཔལ་དགྱེས་པའི་རྡོ་རྗེ་ལས་སློབ་དཔོན་ཆེན་པོ་སྣང་བ་མཐའ་ཡས་རྡོ་རྗེས་མཛད་པའི་གོ་བྱེད་སྙིང་པོ་རྫོགས་སོ།། {D1268}༄༅༅། །རྒྱ་གར་སྐད་དུ། ཤྲི་ཧེ{++་++}བཛྲ་རཏྣ་པྲ་ལོ་ཀེ་སཱ་ངྷ་ནཾ་ནཱམ།{--།--}
010_རྒྱུད་འགྲེལ།_ཏ,[28b.5]{++བོད་སྐད་དུ། ++}དཔལ་དགྱེས་པ་རྡོ་རྗེའི་སྒྲུབ་ཐབས་རིན་པོ་ཆེའི་སྒྲོན་མ་ཞེས་བྱ་བ། དཔལ་རྡོ་རྗེ་སེམས་དཔའ་ལ་ཕྱག་འཚལ་ལོ། །ཧེ་རུ་ཀ་དང་བདག་མེད་བཅས། །དེ་ཆོས་འཁོར་ལ་ཕྱག་འཚལ་ཏེ། །དེ་འདོད་ཕྱིར་ན་དེ་སྒྲུབ་ཐབས། །དེ་དོན་གཉེར་ལ་སྒྲོན་འདི་བྲི། །ཆགས་མེད་བྱང་
030_རྒྱུད་འགྲེལ།_ཧ,[201b.2]ཞལ་སྔ་ནས་ཀྱིས་བཤད་ནས། བོད་ཀྱི་ལོ་ཙཱ་བ་འགོས་ལྷས་བཙས་ཀྱིས་ཡུལ་དབུས་ཀྱི་དཔེ་དང་གཏུགས་ཏེ་བཅོས་པའོ།།{++ {D1786}++}༄༅།།སྦྱོར་བ་ཡན་ལག་དྲུག་པ་ཞེས་བྱ་བའི་འགྲེལ་པ།{--{D1786}--}༄༅༅། །རྒྱ་གར་སྐད་དུ། ཥཊ་ཨཾ་ག་ཡོ་ག་ནཱ་མ་ཊཱི་ཀ། །བོད་སྐད་དུ། སྦྱོར་བ་ཡན་ལག་དྲུག་པ་ཞེས་བྱ་བའི་འགྲེལ་པ། དཔལ་
033_རྒྱུད་འགྲེལ།_ཁི,[155a.6]{--སྒྲོན་མ་གསལ་བ་ཞེས་བྱ་བའི--}{--་འགྲེལ་བཤད། --}{D1794}༄༅༅། །རྒྱ་གར་སྐད་དུ། པྲ་དཱིཔྟ་ན་ནཱ་མ་ཊཱི་ཀཱ། བོད་སྐད་དུ། སྒྲོན་མ་གསལ་བ་ཞེས་བྱ་བའི་འགྲེལ་བཤད། བྱང་ཆུབ་སེམས་དཔའ་སེམས་དཔའ་ཆེན་པོ་འཕགས་པ་སྤྱན་རས་གཟིགས་དབང་ཕྱུག་ལ་ཕྱག་འཚལ་ལོ། །ཆོས་རྣམས་རང་བཞིན་
033_རྒྱུད་འགྲེལ།_ཁི,[205a.7]པའོ། །གང་གིས་བློ་དམན་དོན་དུ་རྒྱུད་ཆེན་འགྲེལ། །ལེགས་བརྩམས་དེ་ལས་གསལ་བར་མ་གྱུར་པ། །དེ་འདིར་བདག་གིས་ཅུང་ཟད་ལེགས་པར་བཀྲོལ། །དམན་པ་རྣམས་ཀྱི་དོན་དུ་བལྟ་བར་གྱིས། །སྒྲོན་མ་གསལ་བར་བྱེད་པ་ཞེས་བྱ་བའི་འགྲེལ་བཤད། སློབ་དཔོན་ཨཱརྱ་དེ་བས་མཛད་པ་རྫོགས་སོ།། །།{--\n--}
035_རྒྱུད་འགྲེལ།_ངི,[106b.7]རིན་ཆེན་བཟང་པོས་བསྒྱུར་ཅིང་ཞུས་ཏེ་གཏན་ལ་ཕབ་པ།། {++།།++}{D1804}༄༅། །སེམས་ཀྱི་སྒྲིབ་པ་རྣམ་པར་སྦྱོང་བ་ཞེས་བྱ་བའི་རབ་ཏུ་བྱེད་པ།༄༅༅། །རྒྱ་གར་སྐད་དུ། ཙིཏྟཱ་བ་ར་ཎ་བི་ཤོ་དྷ་ནཱ་མ་པྲ་ཀཱ་ར་ཎཾ། བོད་སྐད་དུ། སེམས་ཀྱི་སྒྲིབ་པ་རྣམ་པར་སྦྱོང་བ་ཞེས་བྱ་བའི་རབ་ཏུ་བྱེད་པ། བླ་མ་དམ་པའི་ཞབས་ལ་ཕྱག་འཚལ་ལོ། །
035_རྒྱུད་འགྲེལ།_ངི,[210b.1]{--གསང་བ་འདུས་པའི་མངོན་པར་ར--}{--ྟོགས་པའི་རྒྱན་གྱི་འགྲེལ་--}{--པ། --}{D1817}༄༅༅། །རྒྱ་གར་སྐད་དུ། ས་མཱ་ཛཿཨ་བྷི་ས་མ་ཡ་ཨཱ་ལངྐ་ར་[བྲྀ]་ཏྟི། བོད་སྐད་དུ། གསང་བ་འདུས་པའི་མངོན་པར་རྟོགས་པའི་རྒྱན་གྱི་འགྲེལ་པ། བཅོམ་ལྡན་འདས་རྡོ་རྗེ་སེམས་དཔའ་ལ་ཕྱག་འཚལ་ལོ། །གང་ཞིག་མུན་འདྲས་གཏིབས་ཤིང་ཡང་དག་སྒྲོན་མ་མེད། །དེ་ཡི་
044_རྒྱུད་འགྲེལ།_པི,[224a.2]ཐམས་ཅད་སྟོང་ཞིང་ནམ་མཁའ་ལྟ་བུར་བསམས་ལ། དེའི་འོག་ཏུ་ཨོཾ་ཨཱཿཧཱུཾ་ཞེས་བྱ་བའི་ཡི་གེ་གསུམ་ཁ་དོག་དཀར་པོ་དང་། དམར་པོ་དང་། ནག་པོ་དང་། སྐུ་དང་། གསུངས་དང་། ཐུགས་རྡོ་རྗེའི་རང་བཞིན་ཅན། སྙིང་རྗེ་དང་ཤེས་རབ་ཀྱི་རང་བཞིན་ཧོཿད{--ྨ--}{++མ++}ར་པོ་གཉིས་ཀྱི་ནང་
044_རྒྱུད་འགྲེལ།_པི,[224b.4]བའི་ཕྱིར། ཞུ་བ་དེ་ཡོངས་སུ་གྱུར་པ་ལས་ཡི་གེ་ཧྲཱིཿད{--ྨ--}{++མ++}ར་པོའོ། །དེ་ཡོངས་སུ་གྱུར་པ་ལས་པདྨ་དམར་པོའི་དབུས་ན་ཟླ་བ་ལ་གནས་པའི་ཡི་གེ་ཧྲཱིཿའོད་ཟེར་རྣམ་པར་འཕྲོ་བ་རྣམ་པར་བསམས་ལ། དེ་ལས་བྱུང་བའི་འོད་ཟེར་གྱི་ཚོགས་རྣམས་ཀྱིས་འཇིག་རྟེན་གྱི་ཁམས་མ་ལུས་
044_རྒྱུད་འགྲེལ།_པི,[225b.4]ཤིང་།ཨོཾ་སརྦྦ་ཏ་ཐཱ་ག་ཏ་ཙིཏྟ་བཛྲ་སྭཱ་བྷཱ་ཝ་ཨཱཏྨ་ཀོ྅ཧཾ། ཞེས་བྱིན་གྱིས་བརླབ་པར་བྱའོ། །དེའི་སྟེང་ལྐོག་མའི་འོག་ཏུ་ཟླ་བ་ལ་གནས་པའི་པདྨ་དམར་པོའི་ལྟེ་བ་ལ་གནས་པའི་ཟླ་བ་ལ་ཡི་གེ་ཧྲཱིཿད{--ྨ--}{++མ++}ར་པོ་བསམས་ལ། དེ་ལས་བྱུང་བའི་འོད་ཟེར་རྣམས་ཀྱིས་དེ་བཞིན་གཤེགས་པ་ཐམས་
044_རྒྱུད་འགྲེལ།_པི,[225b.6]གོང་དུ་ལྐོག་མར་ཟླ་བའི་དཀྱིལ་འཁོར་གྱི་སྟེང་དུ་ཨཱཿད{--ྨ--}{++མ++}ར་པོ་ཡོངས་སུ་གྱུར་པ་ལས་པདྨ་དམར་པོ་དེའི་དབུས་སུ་ཟླ་བ་ལ་གནས་པའི་ཡི་གེ་ཨཱཿབསམས་ལ། དེའི་འོད་ཟེར་འཕྲོས་པའི་སྒོ་ནས་བྱུང་བའི་དེ་བཞིན་གཤེགས་པ་གསུངས་རྡོ་རྗེ་སྤྲུལ་པའི་ཚོགས་རྣམས་ཀྱིས་འགྲོ་བ་རྣམས་
044_རྒྱུད་འགྲེལ།_པི,[225b.7]གསུང་རྡོ་རྗེའི་རྣམ་པར་བསྐྱེད་ལ། ཡང་ལྐོག་མར་གནས་པའི་ཨཱཿདེ་ཉིད་དུ་བཅུག་ནས་ཡི་གེ་ཨཱཿདང་ཟླ་བ་དང་པདྨ་ཡོངས་སུ་གྱུར་ལས། གསུང་རྡོ་རྗེ་འདོད་ཆགས་རྡོ་རྗེ་ལྟ་བུ་རིན་པོ་ཆེའི་ཆོད་པན་བསམས་ལ། དེའི་ལྐོག་མར་ཟླ་བ་ལ་གནས་པའི་ཨཱཿད{--ྨ--}{++མ++}ར་པོ་ལས་བྱུང་བའི་འོད་
044_རྒྱུད་འགྲེལ།_པི,[226b.7]གྱི་ཕྲ་རབ་ཀྱི་རང་བཞིན། པདྨ་ནས་བརླ་གཉིས་སུ་ཡི་གེ་ཨཱཿད{--ྨ--}{++མ++}ར་པོ་ཡོངས་སུ་གྱུར་པ་ལས་འོད་དཔག་ཏུ་མེད་པའི་ཕྲ་རབ་ཀྱི་རང་བཞིན། པུས་མོ་གཉིས་ནས་བརྩམས་ཏེ། རྐང་མཐིལ་གཉིས་ཀྱི་མཐར་ཐུག་པར་ཡི་གེ་ཧཱ་ལྗང་གུ་ཡོངས་སུ་གྱུར་པ་ལས་དོན་ཡོད་པར་གྲུབ་པའི་རང་བཞིན་
044_རྒྱུད་འགྲེལ།_པི,[227a.4]འཁོར་ཡི་གེ་ཧྲཱིཿད{--ྨ--}{++མ++}ར་པོས་བྱིན་གྱིས་བརླབ་པར་བསམས་ལ། དེ་ཡོངས་སུ་གྱུར་པ་ལས་བཅོམ་ལྡན་འདས་འོད་དཔག་ཏུ་མེད་པའི་བདག་པོར་གྱུར་པའི་དཀྱིལ་འཁོར་གྱི་འཁོར་ལོ་མངོན་པར་སྤྲུལ་ལ། བདག་དང་གཞན་གྱི་དོན་རྫོགས་པར་བྱ་བའི་ཕྱིར་ཕྱི་རོལ་དུ་སྤྲོ་བར་བྱ་སྟེ། ཨཱ་རོ་ལྀཀ་
047_རྒྱུད་འགྲེལ།_མི,[66b.3]ཐབས་ཞེས་བྱ་བ། སློབ་དཔོན་ཆེན་པོ་དཔལ་མར་མེ་མཛད་ཀྱིས་མཛད་པ་རྫོགས་སོ།། །།རྣལ་འབྱོར་པ་པྲཛྙཱ་ཤྲཱི་ཛྙཱ་ན་ཀཱི་རྟིས་རང་འགྱུར་དུ་མཛད་པའོ།། {D1939}{--༅--}{++༄++}༅། །རྒྱ་གར་སྐད་དུ། ཨ་མི་ཏཱ་བྷཱ་ཧྲྀ་ད་ཡ་རཱ་ག་ཡ་མཱ་རི་སཱ་དྷ་ནཾ་ནཱ་མ། བོད་སྐད་དུ། འོད་དཔག་ཏུ་མེད་པའི་སྙིང་པོ་འདོད་
052_རྒྱུད་འགྲེལ།_ཞི,[128a.5]པ། །འདི་ནི་མཆོག་ཏུ་བདེན་པ་སྟེ། །འཇིག་རྟེན་གང་གིས་ཀྱང་མི་ཤེས། །དངོས་པོ་སྦྱོང་བ་ཞེས་བྱ་བ་སློབ་དཔོན་ཆེན་པོ་འཕགས་པ་ཀླུ་སྒྲུབ་ཀྱི་ཞལ་སྔ་ནས་མཛད་པ་རྫོགས་སོ།། །།{--{D2278}--}༄༅༅། །རྒྱ་གར་གྱི་མཁན་པོ་བཛྲ་པཱ་ཎི་དང་། །བོད་ཀྱི་ལོ་ཙཱ་བ་རྨ་བན་ཆོས་
052_རྒྱུད་འགྲེལ།_ཞི,[128a.6]འབར་གྱིས་བསྒྱུར་ཅིང་ཞུས་ཏེ་གཏན་ལ་ཕབ་པའོ།། {++{D2278}༄༅༅++}། །སློབ་དཔོན་ཀླུ་སྒྲུབ་སྙིང་པོའི་ཞལ་སྔ་ནས། །རེ་བའི་དཔེ་ནི་སེར་སྐྱ་འདྲ། །དོག་པ་རྒྱལ་བུ་གཞོན་ནུ་སྟེ། །གཞན་དུ་འཛིན་པ་སྨིག་རྒྱུ་ཆུ། །བདག་འཛིན་ཕུང་བྱེད་ཉི་ཟེར་གཟུགས། །
052_རྒྱུད་འགྲེལ།_ཞི,[267b.2]མ་ལ་ཤཱི་ལས་མཛད་པ་རྫོགས་སོ།། །།རྒྱ་གར་གྱི་མཁན་པོ་ཛྙཱ་ན་གུ་ཧྱ་དང་། ཞུ་ཆེན་གྱི་ལོ་ཙཱ་བ་བླ་མ་ལོ་བཙུན་ཆུང་གིས་བསྒྱུར་ཅིང་ཞུས་ཏེ་གཏན་ལ་ཕབ་པ། {++། །།++}{D2326}༄༅༅། །རྒྱ་གར་སྐད་དུ། པྲཛྙཱ་པཱ་ར་མི་ཏཱ་སཱ་དྷཱ་ནཾ། བོད་སྐད་དུ། ཤེས་རབ་ཀྱི་ཕ་རོལ་ཏུ་ཕྱིན་པའི་སྒྲུབ་
053_རྒྱུད་འགྲེལ།_ཟི,[254b.7]{++{D2496}++}༄༅། །སྐུ་དང་གསུང་དང་ཐུགས་རབ་ཏུ་གནས་པ་ཞེས་བྱ་བ།{--{D2496}--}༄༅༅། །རྒྱ་གར་སྐད་དུ། ཀཱ་ཡ་བཱ་ཀ་ཙིཏྟ་སུ་པྲ་ཏིཥྛ་ནཱ་མ། བོད་སྐད་དུ། སྐུ་དང་གསུང་དང་ཐུགས་རབ་ཏུ་གནས་པ་ཞེས་བྱ་བ། བཅོམ་ལྡན་འདས་དེ་བཞིན་གཤེགས་པ་དགྲ་བཅོམ་པ་ཡང་དག་པར་རྫོགས་པའི་སངས་རྒྱས་མི་འཁྲུགས་པ་ལ་ཕྱག་འཚལ་ལོ། །སྐུ་གསུང་ཐུགས་
077_རྒྱུད་འགྲེལ།_མུ,[186b.6]སློབ་དཔོན་འཕགས་པ་ཐོགས་མེད་ཀྱིས་མཛད་པ་རྫོགས་སོ།། {D3551}༄༅༅ །རྒྱ་གར་སྐད་དུ། ཨཱརྱ་བཛྲ་སྭ་ར་སྭ་ཏཱི་སཱ་དྷ་ནཾ། བོད་སྐད་དུ། འཕགས་མ་རྡོ་རྗེ་དབྱངས་ཅན་མའི་སྒྲུབ་ཐབས། འཕགས་མ་རྡོ་རྗེ་དབྱངས་ཅན་མ་ལ་ཕྱག་འཚལ་ལོ། །ཡང་དག་རྫོགས་སངས་
077_རྒྱུད་འགྲེལ།_མུ,[323a.1]ཡང་ལངས་པའི་ཚེ་སྐད་ཅིག་ཙམ་གྱིས་ལྷ་མོའི་ང་རྒྱལ་གྱིས་ལྡང་བར་བྱའོ། །འཇིགས་པ་བརྒྱད་ལས་སྐྱོབ་པ་སློབ་དཔོན་མཁས་པ་དཔལ་མར་མེ་མཛད་ཡེ་ཤེས་ཀྱིས་མཛད་པ་རྫོགས་སོ།། {++{D3688}++}༄༅།།འཕགས་མ་སྒྲོལ་མ་ལ་བསྟོད་པ། {--{D3688}--}༄༅༅། །རྒྱ་གར་སྐད་དུ། ཨཱརྱ་ཏཱ་རཱ་སྟོ་ཏྲ། བོད་སྐད་དུ།
077_རྒྱུད་འགྲེལ།_མུ,[323b.2]ཚུལ་ཁྲིམས་རྒྱལ་བས་བསྒྱུར་བའོ།། །།{D3689}{++༄༅། །++}འཕགས་མ་སྒྲོལ་མའི་སྒྲུབ་ཐབས། ༄༅༅། །རྒྱ་གར་སྐད་དུ། ཨཱརྱ་ཏཱ་རཱ་སཱ་དྷ་ནཾ། བོད་སྐད་དུ། འཕགས་མ་སྒྲོལ་མའི་སྒྲུབ་ཐབས། འཕགས་མ་སྒྲོལ་མ་ལ་ཕྱག་འཚལ་ལོ། །འཇིག་རྟེན་གསུམ་མགོན་ཡུམ་གྱུར་སྤྱན་ཡངས་མ། །སྒྲོལ་མའི་ཞབས་ཀྱི་
077_རྒྱུད་འགྲེལ།_མུ,[324b.7]མ་སྒྲོལ་མའི་སྒྲུབ་ཐབས་དཔལ་མར་མེ་མཛད་ཡེ་ཤེས་ཀྱིས་མཛད་པ་རྫོགས་སོ།། །།རྒྱ་གར་གྱི་མཁན་པོ་བུདྡྷ་ཀཱ་ར་བརྨ་དང་། བོད་ཀྱི་ལོ་ཙཱ་བ་དགེ་སློང་ཆོས་ཀྱི་ཤེས་རབ་ཀྱིས་བསྒྱུར་ཅིང་ཞུས་ཏེ་གཏན་ལ་ཕབ་པའོ།། །།{++{D3690}++}༄༅། །ཆོམ་རྐུན་བཅིང་བ།{--{D3690}--}༄༅༅། །རྒྱ་གར་སྐད་དུ། ཙཽ་རཱ་
080_ཤེར་ཕྱིན།_ཀ,[14a.1]{++{D3787}++}༄༅། །འཕགས་པ་ཤེས་རབ་ཀྱི་ཕ་རོལ་ཏུ་ཕྱིན་པ་སྟོང་ཕྲག་ཉི་ཤུ་ལྔ་པའི་ཚུལ་གྱི་མངོན་པར་རྟོགས་པའི་རྒྱན་གྱི་འགྲེལ་པ་བཞུགས།
080_ཤེར་ཕྱིན།_ཀ,[14b.1]{--{D3787}--}༄༅༅། །རྒྱ་གར་སྐད་དུ། པཉྩ་བིཾ་ཤ་ཏི་སཱ་ཧ་སྲི་ཀ་ཨཱརྱ་པྲཛྙཱ་པཱ་ར་མི་ཏཱ་ཨུ་པ་དེ་ཤཱ་ཨ་བྷི་ས་མ་ཡ་ཨ་ལཾ་ཀཱ་ར་ཤཱསྟྲ་སྱ་བྲྀཏྟི། བོད་སྐད་དུ། འཕགས་པ་ཤེས་རབ་ཀྱི་ཕ་རོལ་ཏུ་ཕྱིན་པ་སྟོང་ཕྲག་ཉི་ཤུ་ལྔ་པའི་མན་ངག་གི་བསྟན་བཅོས་མངོན་པར་རྟོགས་པའི་རྒྱན་གྱི་
102_དབུ་མ།_འ,[2b.3]ལོ། ཞེས་བྱ་བ་འདིས་ནི་ཕྱག་འཚལ་བ་བསྟན་ཏེ། དེ་ལྟར་ན་འདི་{++ནི་++}རེ་ཞིག་ཚིགས་སུ་བཅད་པ་གཉིས་ཀྱི་སྤྱིའི་དོན་ཡིན་ནོ། །ཡན་ལག་གི་དོན་ཡང་རྣམ་པར་དབྱེ་བར་བྱ་སྟེ། དེ་ལ་པྲ་ཏི་ནི་ཕྲད་པའི་དོན་ཏོ། ཨི་ཏི་ནི་འགྲོ་བའི་དོན་ཏོ། ལྱབ་གྱི་མཐའ་ཅན་པྲ་ཏི་
102_དབུ་མ།_འ,[2b.5]བཤད་དོ། །ས་མུད་གོང་ན་ཡོང་བའི་པཱ{++་++}ཏ་ནི་འབྱུང་བའི་དོན་ཅན་ཡིན་པས་ས་མུད་པཱ་ཏའི་སྒྲ་ནི་འབྱུང་ལ་འཇུག་གོ། དེའི་ཕྱིར་དངོས་བོ་རྣམས་ཀྱི་འབྱུང་བ་རྒྱུ་དང་རྐྱེན་ལ་ལྟོས་པ་ནི་རྟེན་ཅིང་འབྲེལ་པར་འབྱུང་བའི་དོན་ཏོ། གཞན་དག་པྲ་ཏི་ནི་ཟློས་བའི་དོན་
111_དབུ་མ།_ཁི,[3a.2]ལེའུར་བྱས་པ། མཁན་པོ་ཞི་བ་ལྷས་མཛད་པ་རྫོགས་སོ།། །།{D3940}༄༅༅། །རྒྱ་གར་སྐད་དུ། ཤིཀྵ་ ས་མུཙྪ་ཡཿ བོད་སྐད་དུ། བསླབ་པ་ཀུན་ལས་བཏུས་པ། བམ་པོ་དང་པོ། སངས་རྒྱས་དང་བྱང་ཆུབ་སེམས་དཔའ་ཐམས་ཅད་ལ་ཕྱག་འཚལ་
111_དབུ་མ།_ཁི,[303a.6]དཔོན་ཆེན་པོ་དཔལ་མར་མེ་མཛད་ཡེ་ཤེས་ཀྱིས་མཛད་པ་རྫོགས་སོ།། །།རྒྱ་གར་གྱི་མཁན་པོ་པཎྜི་ཏ་དེ་ཉིད་དང་། ལོ་ཙཱ་བ་དགེ་སློང་དགེ་བའི་བློ་གྲོས་ཀྱིས་བསྒྱུར་ཅིང་ཞུས་ཏེ་གཏན་ལ་ཕབ་པ།། {++{D3956}++}༄། །རང་གི་བྱ་བའི་རིམ་པ་བསྐུལ་བ་དང་བཅས་པ་ཡི་གེར་བྲིས་པ་བཞུགས། །
111_དབུ་མ།_ཁི,[303a.7]{--{D3956}--}༄༅༅། །རང་གི་བྱ་བའི་རིམ་པ་བསྐུལ་བ་དང་བཅས་པ་ཡི་གེར་བྲིས་པ། སངས་རྒྱས་དང་བྱང་ཆུབ་སེམས་དཔའ་ཐམས་ཅད་ལ་ཕྱག་འཚལ་ལོ། །འཁོར་བ་ཐོག་མ་མེད་པ་ནས། །ཉོན་མོངས་བག་ཆགས་ཚད་མེད་པས། །ཡུལ་ངན་རྐྱེན་དང་ཕྲད་པ་ལས། །ཉོན་མོངས་སྡུག་བསྔལ་
113_མདོ་སྡེ།_ངི,[24a.6]གནས་གྲོང་དང་གྲོང་ཁྱེར་ལ་སོགས་པ་དང་གང་དུ་འདུག་ནས་བྱེད་པའི་གནས་དེ་ངེས་པར་{++རྗོད་པར་++}བྱེད་དོ། གནས་གང་དུ་ཞེ་ན། ཆེ་གེ་མོ་ཞིག་ནའོ། །དབང་ཉིད་རབ་ཏུ་བསྟན་པའི་ཕྱིར་བློན་པོ་ལ་སོགས་པ་དང་ལྷན་ཅིག་གོ། །དུས་ཞེས་བྱ་བ་ནི་སྔ་དྲོ་དང་ཕྱི་དྲོའི་དུས་སོ། །གང་དག་ལ་ཞེ་ན། བྲམ་ཟེ་
113_མདོ་སྡེ།_ངི,[24a.7]དང་ཁྱིམ་བདག་ལ་སོགས་པ་ལའོ། །དེའི་ཕྱིར་བཅོམ་ལྡན་འདས་ཀྱང་བླ་ན་མེད་པའི་ཆོས་ཀྱི་རྒྱལ་པོ་འཁོར་ལོས་སྒྱུར་བའི་ཕྱིར་གནས་དང་། དུས་དང་ཞབས་འབྲིང་བ་ལ་སོགས་པ་བརྗོད་དེ། གང་དུ་ཞེ་ན། རྒྱལ་པོའི་ཁབ་ནའོ། །དུས་གཅིག་ན་ནི་སྔ་དྲོའི་དུས་ས{--ུ--}{++ོ++}། །གང་དག་དང་ཐབས་
123_སེམས་ཙམ།_ཕི,[129b.1]{D4026}༄༅།{-- །༄༅།--} །རྒྱ་གར་སྐད་དུ། སཱུ་ཏྲ་ཨ་ལཾ་ཀཱ་ར་བྱཱ་ཁྱཾ། བོད་སྐད་དུ། མདོ་སྡེའི་རྒྱན་གྱི་བཤད་པ། སངས་རྒྱས་དང་བྱང་ཆུབ་སེམས་དཔའ་ཐམས་ཅད་ལ་ཕྱག་འཚལ་ལོ། །དོན་ཤེས་དོན་སྟོན་རབ་ཏུ་བྱེད་པ་ངག་དང་ཚིག་རྣམས་དྲི་མེད་པས། །སྡུག་བསྔལ་བསྒྲལ་
132_སེམས་ཙམ།_འི,[18b.3]འགྱུར་ཏེ། རྩོད་པ་རྣམ་བཞི་{--བྱེ--}་གང་ཞེ་ན། གཞན་གྱིས་གླེངས་པས་རྩོད་པ་དང་། ཕན་ཚུན་ཐེ་ཚོམ་ཟ་བས་རྩོད་པ་དང་། བདག་ཉིད་གླེངས་པས་རྩོད་པ་དང་། ཕན་ཚུན་གླེངས་པས་རྩོད་པས་སོ། །ཉེ་བར་ཞི་བ་རྣམ་པ་བཞི་གང་ཞེ་ན། བསམས་པའི་ལྟུང་བ་དགེ་འདུན་ལ་སྟོན་པས་ཉེ་བར་ཞི་བ་
132_སེམས་ཙམ།_འི,[41a.3]བཟུང་སྟེ་རྒས་པའི་བར་རོ། །སྲོག་གི་དབང་པོ་བྱུང་བ་ནི་རིས་མཐུན་པ་སྔ་མ་ཡོངས་སུ་བཏང་སྟེ་རིས་མཐུན་པ་གསར་གྱི་ཚེ་ཡོངས་སུ་འཛིན་པའོ། །རྒ་བ་ནི་ན་ཚོད་ཡོངས་སུ་གྱུར་པས་འགྲོ་བ་ན་རྡེག་འཆའ་ཞིང་འགྱེལ་བའོ། །མགོ་སྐྱ་ནི་སྐྲ་དང་བ་སྤུ་མ་ཚང་ཞིང་མདོག་དཀར་བ་དང་སེར་བའོ། །{++གཉེར++}
132_སེམས་ཙམ།_འི,[41a.4]{--གཉེར--}་མས་གང་བ་ནི་པགས་པ་འཁུམས་པའོ། །རྙིང་པ་ནི་ན་ཚོད་ཡོངས་སུ་གྱུར་པ་ཉིད་མདངས་མེད་ཅིང་སྐྱ་བོར་གྱུར་པ་གང་ཡིན་པའོ། །གཞོམ་པ་ནི་མཐུ་དང་བརྩོན་འགྲུས་དང་སྟོབས་དང་རྩལ་མེད་པའོ། །སྒུར་པོ་ཕྱམ་སྒུར་པོ་ལྟར་ཡོ་བ་ནི་ལུས་མདུན་དུ་སྒུ་བ་གང་ཡིན་པ་སྟེ། ཁར་
132_སེམས་ཙམ།_འི,[41a.6]བའོ། །ཡོངས་སུ་ཉམས་པ་ནི་དབང་པོ་ལ་སོགས་པ་དེ་དག་ཉིད་སྐད་ཅིག་དང་ཐང་ཅིག་དེ་དང་དེ་དག་ཉིད་འདས་ཤིང་འབྲི་བའོ། །དབང་པོ་རྣམས་ཡོངས་སུ་སྨིན་པ་ནི་དེ་དག་ཉིད་ཀྱི་བྱེ་བྲག་གོ། །འདུས་བྱས་རྣམས་རྙིངས་པར་གྱུར་པ་ནི་དབང་པོའི་གནས་རྣམས་དུས་གཞན་དུ་གནས་པའོ། །རྙིངས་{++པ++}
132_སེམས་ཙམ།_འི,[41a.7]{--པ--}་ནི་དེ་དག་ཉིད་གཞན་དུ་འགྱུར་བའོ། །ཤི་འཕོས་པ་ནི་ལུས་ཡོངས་སུ་བོར་བའོ། །འཆི་འཕོ་བ་ནི་འཆི་ཀ་ཉིད་དོ། །ཞིག་པ་ནི་གང་ཞིག་ན་ལུས་རོར་འདུག་པའོ། །ནུབ་པ་ནི་གང་ན་མི་གནས་པའོ། །ཡང་ཞིག་པ་ནི་གཟུགས་ཀྱི་ལུས་སོ། །ནུབ་པ་ནི་མིང་གི་ལུས་སོ། །ཚེ་ཉམས་ཤིང་དྲོད་ཉམས་
132_སེམས་ཙམ།_འི,[41b.1]ཞེས་བྱ་བ་ནི་འཆི་ཀར་དེའི་དུས་སུ་སྙིང་གར་གནས་པའོ། །སྲོག་གི་དབང་པོ་འགག་པ་ནི་ཚེ་ཐམས་ཅད་ཡོངས་སུ་གཏུགས་པའོ། །འཆི་བ་ནི་རྣམ་པར་ཤེས་པ་སྙིང་གར་ཡོངས་སུ་འདོར་བའོ། །དུས་བྱས་པ་ནི་དེ་ཕྱིན་ཆད་དེ། ཤི་ནས་ཞག་གཅིག་གམ་གཉིས་སམ། ཞག་གསུམ་མམ། {++ཞག++}
132_སེམས་ཙམ།_འི,[41b.2]{--ཞག--}་བདུན་ལོན་པའོ། །སྐྱེ་མཆེད་དྲུག་ལ་བྱིས་པ་སོ་སོའི་སྐྱེ་བོ་ཐམས་ཅད་བདག་ཏུ་འཛིན་པས་ནི་ཆགས་པར་འགྱུར་རོ། །བདག་གིར་འཛིན་པས་ནི་ཉེ་བར་ཆགས་པར་འགྱུར་རོ། །འཇིག་ཚོགས་ལ་ལྟ་བ་ནི་རྩ་བ་ཅན་འཇིག་རྟེན་སོ་སོའི་ལྟ་བར་གྱུར་པ་རྣམས་དང་ངའོ་སྙམ་པའི་ང་རྒྱལ་གྱི་དབང་ཅན་སྲེད་པ་
132_སེམས་ཙམ།_འི,[42b.7]ཕྱིར་ཏེ། དེ་དག་གིས་ནི་དེ་དག་ལས་ཐར་པར་འདོད་ཀྱང་མི་འགྲོལ་ལོ། །ཉོན་མོངས་པའི་ཕྱོགས་ཀྱི་གནས་ངན་ལེན་ས་བོན་དང་མཐུན་པར་གྱུར་པ་ནི་བག་ལ་ཉལ་ཏེ། རྗེས་སུ་འབྲེལ་པ་ཕྲ་བའི་དོན་གྱིས་སོ། །རྩ་བ་སྨོས་པའི་ཕྱིར་ན་བདུན་ནོ། །ཉོན་མོངས་པ་ལས་སྐྱེས་པའི་ཕྱིར་དང་། {++ཉོན++}
132_སེམས་ཙམ།_འི,[43a.1]{--ཉོན--}་མོངས་པ་དང་ཉེ་བར་གྱུར་པའི་ཕྱིར་དང་། སེམས་ཀྱི་རྒྱུན་ཉེ་བར་ཉོན་མོངས་པར་བྱེད་པའི་ཕྱིར་ན་ཉེ་བའི་ཉོན་མོངས་པ་རྣམས་ཏེ། བག་ལ་ཉལ་མ་གཏོགས་པ་སེམས་ལས་བྱུང་བ་ཉོན་མོངས་པ་ཅན་རྣམས་སོ། །སྐྱེ་བའི་རྒྱུན་མི་ཆད་པའི་དོན་གྱིས་ན་ཀུན་ནས་དཀྲིས་པ་
132_སེམས་ཙམ།_འི,[43a.2]རྣམས་ཏེ་ངོ་ཚ་བ་མེད་པ་ལ་སོགས་པ་བརྒྱད་དོ། །དེ་དག་ནི་ཤིན་ཏུ་རྒྱུན་ཆགས་པར་བྱེད་པ་ཡིན་པའི་ཕྱིར་རོ། །ལུས་དང་སེམས་ལས་སུ་མི་རུང་བར་བྱེད་པའི་ཕྱིར་ཐ་བ་རྣམས་ཏེ། ལས་སུ་མི་རུང་བའི་ཞིང་རྩུབ་པོ་བཞིན་ནོ། །རྟེན་གྱི་བྱེ་བྲག་གིས་ནི་ཐེ་ཚོམ་གྱི་བྱེ་བྲག་སེམས་ཀྱི་ཐ་བ་རྣམ་པ་ལྔའོ། །{++འདོད++}
132_སེམས་ཙམ།_འི,[43a.3]{--འདོད--}་ཆགས་ལ་སོགས་པ་གསུམ་ནི་མི་གཙང་བར་བྱེད་པའི་ཕྱིར་ན་དྲི་མ་རྣམས་སོ། །སྐྱེ་མཆེད་རྣམས་ཀྱི་སྒོ་ནས་རྟག་ཏུ་འཛག་པའི་ཕྱིར་དང་དྲག་ཏུ་གནོད་པར་བྱེད་པའི་ཕྱིར་ན་རྟག་འཛག་རྣམས་སོ། །མ་ཞི་བར་བྱེད་པའི་ཕྱིར་ན་ཟུག་རྔུ་རྣམས་ཏེ་ཟུག་རྔུ་མ་ཕྱུང་བ་བཞིན་ནོ། །བཏང་སྙོམས་
132_སེམས་ཙམ།_འི,[43a.6]སྨྲེ་སྔགས་འདོན་པ་དང་། སྡུག་བསྔལ་དང་། ཡིད་མི་བདེ་བ་དང་། འཁྲུག་པར་བྱེད་པའི་ཕྱིར་ན་འཁྲུག་པ་རྣམས་སོ། །རྒྱུན་ཕྱོགས་སུ་ཁྱེར་བར་བྱེད་པའི་ཕྱིར་ན་ཆུ་བོ་རྣམས་སོ། །སྔོན་གྱི་མཐའ་ནས་བཟུང་སྟེ་མཐོང་བའི་ཆོས་ལ་སྐྱེ་བ་དང་འཁོར་བའི་ཐབས་སུ་གྱུར་པའི་ཕྱིར་ན་སྦྱོར་བ་རྣམས་སོ། །{++ད++}
132_སེམས་ཙམ།_འི,[43a.7]{--ད--}་ལྟར་བྱུང་བ་ནས་བཟུང་སྟེ་མ་འོངས་པའི་ཐབས་སུ་གྱུར་པའི་ཕྱིར་ན་ཉེ་བར་ལེན་པ་རྣམས་སོ། །དགྲོལ་བར་དཀའ་བའི་ཕྱིར་ན་མདུད་པ་རྣམས་སོ། །ཤེས་བྱའི་དངོས་པོ་ལ་ཤེས་པའི་སྒྲིབ་པར་གྱུར་པའི་ཕྱིར་ན་སྒྲིབ་པ་རྣམས་སོ། །གཟུགས་དང་གཟུགས་མེད་པའི་ཁམས་ཚུན་ཆད་ཀྱི་ཆ་ནི་
132_སེམས་ཙམ།_འི,[43b.1]འདོད་པའི་ཁམས་སོ། །བསྒོམ་པའི་ལམ་ཚུན་ཆད་ཀྱི་ཆ་ནི་མཐོང་བའི་ལམ་མོ། །དེ་གཉིས་ནི་ཐ་མ་ཡང་ཡིན་ལ་ཆ་ཡང་ཡིན་ཏེ། དེའི་ཕྱིར་ཅི་རིགས་པར་ཚུན་ཆད་ཀྱི་ཆ་དང་མཐུན་པའམ་ཐ་མའི་ཆ་དང་མཐུན་པའི་སྒྲིབ་པ་ལྔ་ཡིན་ནོ། །དེ་ལས་བཟློག་པ་ནི་གོང་མའི་ཆ་དང་མཐུན་པ་རྣམས་སོ། །{++འཕགས++}
132_སེམས་ཙམ།_འི,[43b.2]{--འཕགས--}་པའི་ལམ་ཡན་ལག་སྐྱེ་བའི་བགེགས་བྱེད་པའི་ཕྱིར་རྣམ་པར་འཆིང་བ་རྣམས་ཏེ་ལུས་ལ་ལྟ་བ་ལ་སོགས་པ་རྣམ་པ་ལྔའོ། །ཆུང་ངུའི་ཆར་གཏོགས་པ་རྣམས་ལ་ཡང་རབ་ཏུ་རྒྱ་སྐྱེད་པའི་ཕྱིར་ན་མེ་རྣམས་སོ། །སྲིད་པའི་རྩེ་མོར་སོང་བ་རྣམས་ལ་ཡང་ཉོན་མོངས་པའི་རྣམ་པ་ཐམས་ཅད་
132_སེམས་ཙམ།_འི,[43b.4]ལུས་མངོན་པར་སྒྲུབ་པའོ། །ནགས་སྦྱོར་ནི་དེ་སྐྱེད་པར་བྱེད་པའི་ཆགས་པ་གང་ཡིན་པའོ། །འཐབ་མོ་ལ་སོགས་པས་རྣམ་པ་སྣ་ཚོགས་རྩོམ་པའི་ཕྱིར་ན་འཐབ་པ་རྣམས་སོ། །རིག་པའི་མི་མཐུན་པའི་ཕྱོགས་སུ་གྱུར་པའི་ཕྱིར་ན་ནག་པོའོ། །སྡུག་བསྔལ་དང་ལྡན་པའི་ཕྱིར་ན་ཕུང་པོའོ། །དགོས་{++པ++}
132_སེམས་ཙམ།_འི,[43b.5]{--པ--}་མེད་པའི་ཕྱིར་ན་དམན་པའོ། །ཉོན་མོངས་པ་ཅན་ཡིན་པའི་ཕྱིར་ན་ཁ་ན་མ་ཐོ་བ་དང་བཅས་པའོ། །བཙལ་བར་གཤའ་བ་མ་ཡིན་པའི་ཕྱིར་ན་ཡོངས་སུ་སྤང་བར་བྱ་བའོ། །ཚུལ་ཁྲིམས་འཆལ་པ་ནི་མནོས་པ་ཉམས་པར་བྱེད་པའི་ཕྱིར་རོ། །སྡིག་པའི་ཆོས་ནི་ངོ་ཚ་མི་ཤེས་པ་དང་། ཁྲེལ་
132_སེམས་ཙམ།_འི,[44b.2]བཤད་པར་བྱའོ། །ལྷག་པར་ཆགས་པ་ནི་ཐོབ་པ་དག་ལ་མི་རྩོམ་པ་མེད་པའོ། །ལྷག་པར་ཆགས་པར་འགྱུར་བ་ནི་མ་ཐོབ་པ་དག་ལ་ཡོངས་སུ་ཚོལ་བར་སྦྱོར་བའོ། །འདུན་པ་ནི་མ་ཐོབ་པ་དང་ཐོབ་པ་དག་ལ་ཐོབ་པ་དང་ལོངས་སྤྱོད་པར་འདོད་པ་ཉིད་དོ། །འདོད་ཆགས་ནི་ལོངས་སྤྱོད་ལ་མངོན་པར་དགའ་བས་{++ལྷག++}
132_སེམས་ཙམ།_འི,[44b.3]{--ལྷག--}་པར་ཆགས་པའོ། །འདོད་པ་དང་དགའ་བ་ནི་འདོད་པར་འགྱུར་བ་དང་དགའ་བར་འགྱུར་བ་བཞིན་ནོ། །ཀུན་ཏུ་ཞེན་པ་ནི་ནང་གི་ལུས་སུ་གཏོགས་པ་རྣམས་ལ་སྲེད་པའོ། །འཆུམས་པ་ནི་གཞན་གྱི་རྒྱུད་ལ་ཡོད་པ་རྣམས་ལའོ། །ལྷག་པར་ཆགས་པ་ནི་བདག་གི་ཡུལ་དག་ལ་སྲེད་པའོ། །{++སྐོམ++}
132_སེམས་ཙམ།_འི,[44b.4]{--སྐོམ--}་པ་ནི་ཡང་དང་ཡང་དུ་འདོད་པའོ། །ཆགས་པར་འགྱུར་བ་ནི་འདོད་ཆགས་ཀྱི་གནས་ཡིན་པའོ། །རྒྱགས་པར་འགྱུར་བ་ནི་རྒྱགས་པ་རྣམ་པ་བདུན་གྱི་གནས་ཡིན་པའོ། །བྱམས་པར་འགྱུར་བ་ནི་ལོངས་སྤྱོད་ལ་འདོད་པ་རྣམ་པ་སྣ་ཚོགས་ཀྱི་གནས་ལྟ་བུར་གྱུར་པའོ། །འདོད་པར་འགྱུར་བ་
132_སེམས་ཙམ།_འི,[45a.2]པ་སྟེ་དེ་ཉིད་ཀུན་ཏུ་ཆགས་པ་ཡིན་ནོ། །སྡུག་བསྔལ་གྱི་ཚོར་བ་ལ་ནི་ཁོང་ཁྲོ་བ་དང་ལྡན་པར་འགྱུར་རོ། །ཀུན་ཏུ་རྨོངས་པ་ནི་གསུམ་ཀ་ལ་གཏི་མུག་གིས་སོ། །འདས་པ་ལ་ནི་ལྟ་བ་དང་ལྡན་ནོ། །མ་འོངས་པ་ལ་ནི་སེམས་འབྲེལ་ཏོ། །ངལ་བ་ནི་དེའི་གཞི་ཡོངས་སུ་ཚོལ་བ་ལ་བཞུགས་པའོ། །{++རིམས++}
132_སེམས་ཙམ།_འི,[45a.3]{--རིམས--}་ནད་ནི་འདོད་པ་འབྱོར་པ་དག་ལ་སེམས་ཉོན་མོངས་པ་ཅན་ནོ། །ཡོངས་སུ་གདུང་བ་ནི་འདོད་པ་མི་འབྱོར་པ་དག་ལའོ། །འཁྲུག་པ་ནི་ཐོབ་པ་ཡོངས་སུ་འགྱུར་བའི་ཕྱིར་རོ། །ཀུན་ཏུ་སློང་བས་ཞེས་བྱ་བ་ནི་ལྟད་མོ་དང་བཀྲ་ཤིས་ལ་སོགས་པ་ཉེ་བར་ལེན་པའི་སྲེད་པ་སྟོན་པར་བྱེད་དོ། །དགའ་
132_སེམས་ཙམ།_འི,[45b.1]ཆགས་པ་དང་། རྣམ་པར་འཆིང་བ་དང་། ཡོངས་སུ་ཞེན་པ་དང་། ཀུན་ཏུ་འདོད་ཆགས་པ་རྣམས་ནི་འདི་ལྟ་སྟེ། ཐོས་པ་ལས་བྱུང་བའི་ས་ལས་རྟོགས་པར་བྱའོ། །ནང་གི་དྲི་མ་ནི་ཁོན་དུ་འཛིན་པའི་བསམ་པ་འཛིན་པའོ། །ནང་གི་འགྲེན་{++(འགྲན་)++}ཟླ་ནི་འདོད་པ་ལ་བགེགས་བྱེད་པའོ། །ནང་གི་
132_སེམས་ཙམ།_འི,[46a.3]ཆེར་འཁོན་དུ་ཡོངས་སུ་འཛིན་པ་སྟོན་པར་བྱེད་དོ། །ཕྱིར་རྒོལ་བ་དང་དགྲ་བོ་ཞེས་བྱ་བ་ནི་སྔ་མ་བཞིན་ནོ། །ཕམ་པ་ནི་སྐྱེས་བུའི་རྩལ་མ་སྐྱེས་པ་སྐྱེ་བ་དང་འགལ་བར་བྱེད་པའོ། །ཞོམ་པ་ནི་སྐྱེས་པ་དང་གནས་པ་དང་འགལ་བར་བྱེད་པའོ། །འཇིགས་པར་བྱེད་པ་ནི་ཡང་དང་ཡང་དུ་མངོན་དུ་ཕྱོགས་པའོ། །{++གཞན++}
132_སེམས་ཙམ།_འི,[46a.4]{--གཞན--}་རྒྱལ་བ་ནི་རྩལ་མ་སྐྱེས་པ་སྐྱེ་བ་དང་འགལ་བར་བྱེད་པའོ། །རྒྱབ་ཀྱིས་བསྟན་པ་ནི་རྩལ་སྐྱེས་པ་གནས་པ་དང་འགལ་བར་བྱེད་པའོ། །ངན་པར་ཞོམ་པ་དང་། རྣམ་པར་ཞོམ་པ་དང་། བྱེ་བྲག་ཏུ་བཅོམ་པ་དང་། གནོད་པ་དང་། བསྒྱེལ་བ་ཞེས་བྱ་བའི་ཚིག་འདི་དག་གི་དོན་ནི་ཚིག་འདི་དག་གིས་
132_སེམས་ཙམ།_འི,[46a.6]པའི་ཆོས་ཉིད་དུ་མི་ཤེས་པ་གང་ཡིན་པའོ། །དེ་དེ་ལྟར་མ་ཤེས་པས་སྔོན་གྱི་མཐའ་ལ་སོགས་པ་ལས་བརྩམས་ནས་ཅི་བདག་འདས་པའི་དུས་ནས་བྱུང་བར་གྱུར་རམ་ཞེས་བྱ་བ་རྒྱས་པར་ཚུལ་བཞིན་མ་ཡིན་པ་ཡིད་ལ་བྱེད་དེ། ཇི་ལྟར་འདུག །ཇི་ལྟ་བུར་འགྱུར། སེམས་ཅན་འདི་དག་ག་ལས་འོངས། {++འདི++}
132_སེམས་ཙམ།_འི,[46a.7]{--འདི--}་ནས་ཤི་འཕོས་ནས་གང་དུ་འགྲོ་བར་འགྱུར་བ་ཞེས་བྱ་བ་འདི་ནི་སྔོན་གྱི་མཐའ་དང་ཕྱི་མའི་མཐའ་ལས་བརྩམས་ནས་ཚུལ་བཞིན་མ་ཡིན་པ་ཡིད་ལ་བྱེད་པའོ། །དེ་དེ་ལྟར་མི་རྟག་པ་ཉིད་ལ་ཀུན་དུ་རྨོངས་པས་འདུ་བྱེད་རྣམས་ལ་བདག་ཏུ་ལྟ་བའི་རྗེས་སུ་འབྲེལ་ཅིང་ནང་དང་ཕྱི་དང་གཉི་ག་དག་ལ་ཆོས་ཙམ་
132_སེམས་ཙམ།_འི,[46b.5]པ་སྲིད་པའི་ཡན་ལག་རྣམས་འདུ་བྱེད་ལ་སོགས་པའི་རྒྱུ་ཉིད་དུ་མི་ཤེས་པའོ། །རྒྱུ་ལས་བྱུང་བ་ཞེས་བྱ་བ་ནི་འདུ་བྱེད་ལ་སོགས་པ་མ་རིག་པ་ལ་སོགས་པའི་རྒྱུ་ལས་བྱུང་བ་ཉིད་དུ་མི་ཤེས་སོ། །ཀུན་ནས་ཉོན་མོངས་པ་དང་རྣམ་པར་བྱང་བའི་ཕྱོགས་ཀྱི་ཆོས་ནི་མི་དགེ་བ་རྣམས་དང་དགེ་བ་རྣམས་སོ། །{++ཁ++}
132_སེམས་ཙམ།_འི,[46b.6]{--ཁ--}་ན་མ་ཐོ་བ་དང་བཅས་པ་དང་ཁ་ན་མ་ཐོ་བ་མེད་པ་ནི་ཉེས་དམིགས་དང་ཕན་ཡོན་དང་ལྡན་པའོ། །ནག་པོ་དང་དཀར་པོ་རྣམས་ནི་མ་རིག་པ་དང་རིག་པའི་ཆ་དང་མཐུན་པའོ། །གནག་ཅིང་རྣམ་པར་སྨིན་པ་གནག་པ་རྣམས་དང་དཀར་ཞིང་རྣམ་པར་སྨིན་པ་དཀར་བ་རྣམས་སོ་སོར་དབྱེ་བ་དང་བཅས་པ་
132_སེམས་ཙམ།_འི,[47a.6]སྦྱོར་བའོ། །ཡང་ཞེ་ས་མི་བྱེད་ཅེས་བྱ་བ་ནས་མཆོད་པར་མི་བྱེད་ཅེས་བྱ་བའི་བར་ནི་ཚིག་འོག་མ་འོག་མ་བཤད་པ་ཡིན་ནོ། །གུས་པར་མ་བྱས་པས་ཆོས་ཉན་བླ་མར་མ་བྱས་ཡིད་ཆེས་པར་མ་བྱས་པར་ཞེས་བྱ་ནི་རྒྱས་པར་འདི་ལྟ་སྟེ། རྣམ་པར་གཏན་ལ་དབབ་པ་བསྡུ་བ་ལས་རིག་པར་བྱའོ། །{++གུས++}
132_སེམས་ཙམ།_འི,[47a.7]{--གུས--}་པར་མི་ཉན་པ་ནི་ཉན་པར་མི་འདོད་པའོ། །རྣ་མི་གཏོད་པ་ནི་སེམས་རྣམ་པར་གཡེངས་པའོ། །ཀུན་ཤེས་པར་འདོད་པའི་སེམས་ཉེ་བར་འཇོག་པར་མི་བྱེད་པ་ནི་སྒྲུབ་པར་མི་འདོད་པ་ཉིད་དོ། །སྒྲུབ་པར་མི་བྱེད་པ་ནི་ཆོས་དང་མཐུན་པའི་ཆོས་ལ་བསམ་པ་ཇི་ལྟ་བ་བཞིན་ཡང་དག་པར་མི་རྟག་{++པའོ།++}
132_སེམས་ཙམ།_འི,[47b.1]{--པའོ།--} །ཡང་དག་པར་བླང་སྟེ་མི་གནས་པ་ནི་སྟོན་པའི་བསྟན་པ་ཁོང་དུ་མ་ཆུད་པའོ། །གསོན་པོ་རྣམས་ཀྱི་ནང་ན་གཉིད་ལོག་པ་ནི་དོན་མེད་པའོ་ཞེས་བྱ་བ་ནི་བསྟན་པའི་ཚིག་གོ། །འབྲས་བུ་མེད་པ་ཞེས་བྱ་བ་ནི་བདེ་འགྲོར་འགྲོ་བར་འགྱུར་བའི་རྒྱུ་བསླུ་བའོ། །འབྲས་བུ་མ་ཡིན་པ་ཞེས་བྱ་བ་ནི་དེའི་
132_སེམས་ཙམ།_འི,[47b.5]ཤེས་ནི་ཐ་སྙད་དུ་བྱ་བ་ཙམ་ཞིག་ཡོངས་སུ་བཟུང་བའོ། །ཁྱད་པར་རམ་ཞེས་བྱ་བ་ནི་རང་གི་མཚན་ཉིད་ཀྱི་ཁྱད་པར་རོ། །བསམ་པའམ། ཞེས་བྱ་བ་ནི་ཀུན་རྫོབ་ཀྱི་མཚན་ཉིད་ཀྱི་བྱེ་བྲག་གོ། །ཐ་དད་དུ་བྱ་བའམ། །ཞེས་བྱ་བ་ནི་རྒྱུའི་མཚན་ཉིད་ཀྱི་ཁྱད་པར་ཏེ། འདི་ནི་རྣམ་གྲངས་བསྡུ་བ་ཞེས་བྱའོ། །{++འདི++}
132_སེམས་ཙམ།_འི,[47b.6]{--འདི--}་དག་ནི་བདག་གི་ཐ་སྙད་མང་པོ་གདགས་པའི་རྣམ་གྲངས་ཆེ་ལོང་མདོ་སྡེ་ལས་བཏུས་ནས། དོན་གྱི་སྒོ་ནས་ཡང་ཡོངས་སུ་བསྟན་པ་ཡིན་གྱི། སངས་རྒྱས་བཅོམ་ལྡན་འདས་རྣམས་ཀྱིས་རྣམ་གྲངས་སྟོན་པ་ནི་ཚད་མེད་དེ། ཕྱོགས་འདི་དང་བསླབ་པ་འདི་དང་བསྟན་པ་འདིས་ཀྱང་འདི་དག་དང་རྣམ་གྲངས་
132_སེམས་ཙམ།_འི,[182a.2]ཇི་སྙེད་འགྱུར་བ་རྫོགས་སོ།། །།རྒྱ་གར་གྱི་མཁན་པོ་དཱི་པཾ་ཀ་ར་ཤྲཱི་ཛྙཱ་ན་དང་། ལོ་ཙཱ་བ་དགེ་སློང་ཚུལ་ཁྲིམས་རྒྱལ་བས་བསྒྱུར་ཅིང་ཞུས་ཏེ་གཏན་ལ་ཕབ་པ།། {D4045}༄། །བྱང་ཆུབ་སེམས་དཔའི་ཚུལ་ཁྲིམས་ཀྱི་ལེའུ་འགྲེལ་བ་བཞུགས་སོ། ། 
164_འདུལ་བ།_རུ,[6a.2]བའི་གོས་མཁན་པོས་དེ་ལ་སྦྱིན་པར་བྱའོ། །རབ་ཏུ་འབྱུང་བར་འདོད་པ་དེས། མཁན་པོའི་རྐང་པ་ལ་ཕྱག་བྱས་ཏེ་བླང་ཞེས་པ་ཡིན་ནོ། །དེ་ནས་མཁན་པོས་བསྐོན་ཞེས་པའོ། །རབ་ཏུ་འབྱུང་བར་འདོད་པ་{++ལ་++}མཁན་པོས་བསྐོན་པའི་ཚེ། མ་ཚོར་བར་མཚན་བརྟག་ཅེས་པ་ཡིན་ཏེ། ཟ་མ་དང་མ་ནིང་དང་
164_འདུལ་བ།_རུ,[16a.3]པར་རྫོགས་པར་མི་བྱ་ཞེས་པ་ཡིན་ཏེ། དགེ་སློང་ལ་བསྡིགས་པ་དང་། སྨད་པ་ལ་སོགས་པ་གང་ཡང་རུང་བའི་སྨ་ཕབ་པ་ལས་ཐལ་བྱུང་དུ་བབས་ནས། ཕྱིས་རབ་ཏུ་བྱུང་བར་གསོལ་ན། སྡུད་ཉེས་མེད་པའི་སྐྱོན་དེ་གཏོང་ངམ་མི་གཏོང་ཞེས་སྨྲས་ལ། སྐྱོན་དེ་ནི་མི་གཏོང་ཞེས་ཟེར་ན་རབ་ཏུ་མི་{--(--}དབྱུད་{--‚དབྱུང་)--}
164_འདུལ་བ།_རུ,[16b.6]གྲངས་བསྟན་པ་ནི། དེ་ཁོ་ནར་ཟད་པ་བསྟན་པ་མ་ཡིན་གྱི་འོག་ནས་སྟོན་པ་རྣམས་ཀྱི་དཔེ་འམ་ཟླ་ཙམ་དུ་ཟད་དོ། །དེ་འང་གང་ཞེ་ན། སེང་གེའི་སྐྲ་དང་སྐྲ་སེར་སྔོན་པོ་དེ་དག་ཀྱང་། །སྐྲ་དཀར་དག་དང་གླང་པོའི་སྐྲ་དང་སྐྲ་མེད་མིན། །ཤང་ཤང་མགོ་དང་མགོ་ཆེན་སྡོམ་པར་གླེབས་པ་དག{-- ། --}{++།++}ཕག་དང་བོང་མགོ་དང་
164_འདུལ་བ།_རུ,[24b.1]པ་ནི་ལྷུང་བཟེད་ལ་སོགས་པའི་ཐག་པ་འཛུམ་གྱིས་དོགས་ན་དབུས་སུ་ཕྱིང་བུ་ཆུག་ཤིག་པའོ། །མི་འཁྲུལ་པའི་ཕྱིར་སྐབས་སྐབས་སུ་བྱ་རྗེས་བྱ་ཞེས་པ་ནི་སྐབས་སྐབས་སུ་བྱ་རྗེས་ལྟ་བུའི་སྲུབས་ཀྱིས་མནན་ན་ཕྱིང་བུ་མི་འཆུགས་ཤེ{--ས་--}པར་སྟོན་པའོ། །ལྷུང་བཟེད་ཀྱི་རིམ་གྲོ་ཇི་ལྟར་བྱ་
164_འདུལ་བ།_རུ,[26a.2]བར་ཆད་དུ་མི་འགྱུར་བར་བྱའོ། །བསྙེན་པར་རྫོགས་མ་ཐག་ཏུ་མི་བསྒོ་བ་མ་ཡིན་ཞེས་པ་ནི། བསྙེན་པར་རྫོགས་པའི་ཚེ་བཀའ་བློ་བདེ་བས་ན་དེ་ལ་སྤྱིད་{--ངུ་--}{++དུ++}འང་མི་རུང་སྟེ། བྲམ་ཟེའི་ཁྱེའུ་ལ་གནས་ཕྱིས་བསྒོ་བ་དང་ཆོས་གོས་བོར་ཏེ་བབས་པའི་གླེང་གཞི་ཡོད་པས་ནའོ། །གང་ན་
164_འདུལ་བ།_རུ,[41a.3]ང་བའི་ཕྱིར་བསྔ{++་++}བས་སོ་ཞེས་པ་ནི། སྒྲེའུ་དེ་དྲི་མིང་བར་མི་འགྱུར་བའི་སྤྱད་ད་དུར་ཨ་རུ་ར་ལ་སོགས་པ་བསྔ་བའི་ཕྱེ་མས་ཐོབ་ཤིག་པའོ། །བཀྲུ་བ་དང་སྐམ་པའོ་ཞེས་པ་ནི་སྒྲེའུ་དེ་དྲི་ང་ན་དུས་དུས་སུ་འདི་ལྟར་ཡང་གྱིས་ཤིག་པའོ། །བཀྲུ་ཞིང་སྐེམས་པའི་ཚེ་ཇི་ལྟར་བྱ་ཞེ་ན། དེའི་ཚེ་
164_འདུལ་བ།_རུ,[49a.2]ཆོས་གོས་དང་ལྷུང་བཟེད་ལ་སོགས་པ་ཁྱེར་བ་ལས་སྐུར་ཀླང་གི་གླགས་སུ་འགྱུར་བ་བསལ་བའི་ཕྱིར། ཡིད་མི་གཅུགས{--་--}པ་ལ་གཅུགས་པར་མ་བྱེད་ཅིག་པའོ། །དེ་ཡང་ཇི་ལྟ་བུ་ཞེ་ན། འོག་མ་གོང་མར་ན་དེའི་ཞེས་པ་ཡིན་ཏེ། ཡིད་བརྟན་པ་རབ་འབྲིང་གི་གོ་ནོར་ན་མདོ་གོང་མ་
164_འདུལ་བ།_རུ,[49a.3]ལྟར་འགྱུར་བའོ། །ད་ནི་ཇི་ལྟ་བུ་ལ་ཡིད་བརྟན་པར་བྱ་བ་སྟོན་ཏེ། དེ་ནི་མཛའ་བ་ཡིད་དུ་འོང་བ་བླ་མ་དྲན་པ་མཆོད་པ་བསྔགས་པ། ཁྱེར་ན་དགའ་བ་རྣམས་སོ་ཞེས་པ་ནི་འདི་རྣམས་ལ་ཡིད་རྟོན་ཅིག་པ་སྟེ། དེ་{--ལ་མ--}ཛའ་བ་ནི་བཤེས་པའོ། །ཡིད་དུ་འོང་བ་ནི་འཐད་པའོ། །བླ་མ་
164_འདུལ་བ།_རུ,[75a.7]མི་བརྫི་བར་བྱེད་པའོ་ཞེས་པ་ཡིན་ཏེ། ཚུལ་ཁྲིམས་ཀྱི་ཕྱིར་དགེ་སློང་འགས་གླེངས་ན་ལེགས་ཀྱང་རུང་ཉེས་ཀྱང་རུང{++ང++}་། བལ་ཚུལ་ཁྲིམས་སོ་ཅོག་གི་ཕྱིར་དགེ་སློང་ངོ་ཅོག་གིས་མ་གླེང་ཤིག ། ང་ཡང་མི་ཉན་ཏོ་ཞེས་ཚིག་གི་ལམ་གཅོད་ཅིང་བཀའ་བློ་བདེ་བས་མི་བརྫི་བར་བྱེད་ན་
164_འདུལ་བ།_རུ,[78a.3]པར་ནི་རྣམ་པར་འབྱེད་པ་ལས་འབྱུང་བ་དང་སྦྱོར་ཅིག{-- ། --}{++།++}ནོར་དང་ལྟ་བས་མ་བྱེ་བ་ཡང་ངོ་ཞེས་པ་ནི་སྤུན་ལྟ་བུ་ནོར་མ་བགོས་པ་དང་མུ་སྟེགས་ལྟ་བ་མི་མཐུན་པས་མ་ཕྱེ་བའི་གནས་ཀྱང་ཐ་དད་མི་བྱེད་པར་སྟོན་པའོ། །ཡལ་ག་དང་ཡན་ལག་མ་འདྲེས་པ་ནི་གནས་སོ་སོའོ་ཞེས་པ་ནི་ཡལ་གའི་
164_འདུལ་བ།_རུ,[78b.5]བོང་རྡོ་རགས་པའི་ལམ་མོ་ཞེས་པ་ནི་གྲོང་འོབས་ཀྱིས་བསྐོར་བ་ཞིག་ན། དེའི་ཉེ་སྤྱོད་ཀྱི་ས་ཚིགས་མིང་གིས་སྨོས་པ་འདི་ཙམ་གྱིས་ཟུང་ཤིག{-- ། --}{++།++}འཇུག་པའི་ཉེ་སྤྱོད་དེ་ལྟར་བསྟན་ནས། མཁོ་བའི་ཉེ་སྤྱོད་སྟོན་པ་ནི། དེའི་གནས་ནི་གོ་རེ་ལོང་དང་། འགྲོ་བ་དང་འདུག་པ་དང་ཐུལ་
164_འདུལ་བ།_རུ,[85b.2]ཟོས་པ་རེ་ཞེས་སླར་སྤྲིན་ཅིག་པའོ། །དེ་ལྟར་གྱུར་ཏེ་བཏང་བ་དང་། བྱིན་ན་བཏང་ངོ་ཞེས་སྨྲས་ཀྱང་སྦྱིན་བདག་གི་སེམས་བདག་གིས་བསྲུང་བར་བྱའོ་ཞེས་ཁས་ལེན་ན་བསླང་བར་བྱ་ཞེས་པ་ནི་དེ་ལྟར་རེ་ཐག་ཆད་ནས་བཏང་བའི་འོག་ཏུ་དེས་གོས་ཁྱེར་ཏེ་འོངས་ན་ངས་{++[++}མཏང་{++]++}སྟེ་
164_འདུལ་བ།_རུ,[92b.1]བཟེད་སྣོམས་ལ་དགེ་འདུན་གྱི་ནང་དུ་{--(--}སྦྱོན་{--‚སྤྱོན་)--}ཅིག་ཅེས་སོ་ཞེས་པ་ཡིན་ཏེ་སྦྲན་པའི་སྙད་འདི་སྐད་དུ་གྱིས་ཤིག་པའོ། །འཁོད་པའི་ཕྱིར་བཤམ་ཞེས་པ་ནི་དགེ་འདུན་འདུ་བའི་སར་ཆག་ཆག་གདབ་ཅིང་གདན་གདིང་བ་ལ་སོགས་པའི་ཞལ་ཏའང་གྱིས་ཤིག་པའོ། །འདམ་དུ་
164_འདུལ་བ།_རུ,[112b.1]གོས་ཀྱི་རྙེད་པར་སྟོན་པའོ། །དཔག་ཚད་ཕྱེད་ཀྱི་ལམ་མོ་ཞེས་པ་ནི་གོང་དུ་ལམ་མ་བགྲོད་ཅེས་པའི་ཚད་ཇི་ཙམ་ཞེ་ན་དཔག་ཚད་ཕྱེད་ཡིན་པར་སྟོན་པའོ། །གཞན་ཡང་ངོ་ཞེས་པ་ནི་ཡང་ཡང་གཞན་པ་སྟེ་འདུས་ཤིང་ཟ་བ་ལ་སོགས་པ་ཡང་དཔག་ཚད་ཀྱི་ཚད་དུ་སྟོན་པའོ། །འད{--ི--}་{++ི++}འམ་གྲུར་འགྲོ་བའོ་
164_འདུལ་བ།_རུ,[120b.4]ལེན་དུ་རུང་བར་སྟོན་པ་སྟེ་དེ་{--མ--}ངོན་སུམ་ཞེས་པ་ནི་གློ་གཡས་གཡོན་དང་རྒྱབ་ནས་མ་ཡིན་གྱི་མདུན་ནས་དྲང་པོར་བྱིན་པའོ། །མཚམས་ཀྱི་ནང་ཞེས་པ་ནི་ཆུ་དང་ས་སྒལ་ལ་སོགས་པས་མ་ཆོད་པའོ། །རྣའི་མའི་ཕྱོགས་ན་འདུག་ཅེས་པ་ནི་སྟེང་དང་ཤོད་ལྟ་བུའམ་སྟེགས་བུ་ལ་
164_འདུལ་བ།_རུ,[123b.1]{--ན་--}སྦུབས་ཚགས་གྱིས་ཤིག་དང་གྲོན་ཆུང་ཞིང་བླའོ་བར་སྟོན་པའོ། །འདི་བཅང་ཞེས་པ་ནི་སྦུབས་ཚགས་དེ་གང་ཟག་གིས་ཀྱང་ཆོངས་ཤིག་པའོ། །དེ་རྒྱུ་ཅི་ལས་བྱ་ཞེ་ན། ཁམ་པའམ་ཟངས་ལས་སོ་ཞེས་པ་ཡིན་ནོ། །འདི་དབྱིབས་ཇི་ལྟ་བུ་ཞེ་ན། བུམ་པ་ལྟ་བུ་ཁ་ཞབས་སུ་གདོད་ཅིང་པདྨོ་ལྟ་བུ་
164_འདུལ་བ།_རུ,[135a.1]བལྟ་བའི་ཕྱིར་ཡང་མི་འགྲོ་ཞེས་པ་ནི་དེ་{--(--}བལྟར་{--,ལྟར་)--}ཡང་མ་འགྲོ་ཤིག་པའོ། །དགེ་སློང་མས་གར་རྒྱས་པར་མི་བྱ་ཞེས་པ་ནི་སྡེར་བཅད་པའི་བྲོ་དང་གར་མ་བྱེད་ཅིག་པའོ། །སྟོན་པའི་ཡོན་ཏན་བརྗོད་པ་དང་རྒྱུད་གསུམ་གདོན་པའི་ཕྱིར་དབྱངས་བྱ་ཞེས་པ་ནི་འདི་དག་གི་ཕྱིར་ནི་དབྱངས་གྱིས་ཤིག་
164_འདུལ་བ།_རུ,[139b.3]པའོ། །དུས་མ་བསྙད་ཅིང་དེར་མི་རེ་ན་ཟས་ལ་གཉེར་བའི་ཁྱིམ་དུ་འོང་བ་རིགས་སོ་ཞེས་པ་ནི་ཁྱིམ་པས་མགྲོན་དུ་གཉེར་ལ་གདུགས་ཚོད་ཀྱི་ཁར་སྤྱན་འདྲེན་ཡོད་དུ་མི་རེ་ན་བདག་ཅག་ཉིད་དེའི་ཁྱིམ་དུ་དང{++ེ++}་ཤིག་པའོ། །དུས་ཀྱིས་མི་ཐུབ་ན་འདྲེན་པར་བསྐུལ་བ་ཡང་ངོ་ཞེས་པ་ནི་གདུགས་ཚོད་ཀྱིས་མི་ཐུབ་ན་
164_འདུལ་བ།_རུ,[146b.2]མི་བྱ། མཁུར་བར་མི་སྤོ། ཁམ་ཚད་དུ་མི་བཅད། དཀན་མི་གཏོག{-- ། --}{++།++}ལྕེ་མི་དབྱུང་། མཆོད་རྟེན་ལྟ་བུ་བཤིག་བྱུང་མ་ཡིན། ལག་པ་དང་སྣོད་མི་ལྡག{-- ། --}{++།++}སྤྲུག་ཅིང་གཏོར་བར་མི་བྱ་སྣོད་ལ་འདུ་ཤེས་པར་རོ། །ཀླན་ཀ་བཙལ་བའི་ཕྱིར་དགེ་སློང་གནན་པོའི་སྣོད་ལ་མི་ལྟ། ལག་པ་སྦགས་པས་ཆུ་
164_འདུལ་བ།_རུ,[189a.5]ནི་སྔ་མ་སྟེ་བཞག་པ་དང་། ཕྱི་མ་བཞག་པ་གཉིས་བསྙོན་ན་ཚུལ་ནས་འབྱུང་བ་ནི་མི་འཇིག་གི{-- ། --}{++།++}ཤེས་བཞིན་གྱི་བརྫུན་དུ་འགྱུར་བར་ནི་སྟོན་པའོ། །ཚུལ་དུ་ཞུགས་པ་དག་གིས་གལ་ཏེ་འཐབ་ཀྲོལ་ཅན་གྱི་དགེ་སློང་འོང་བར་ཐོས་ནས་གསོ་སྦྱིན་གཉིས་སམ་གསུམ་ཐལ་ཏེ་ཚུལ་ནས་འབྱུང་བ་བྱ་ཞེས་པ་ནི་འཐབ་
164_འདུལ་བ།_རུ,[189b.3]ཤིག་{--(--}པའ{--,--}{++(་++}པའོ)། །ཚུལ་ནས་འབྱུང་བའི་དངོས་པོའོ།། །།ད་ནི་ཕྲན་ཚེགས་ལ་སོགས་པ་ལས་འབྱུང་བ་བསྡུས་ཏེ་སྟོན་པ་ནི་བཟོད་པ་མ་བྱས་པར་འཁོན་པ་དང་མི་འབྱུང་ཞེས་པ་ལ་སོགས་པ་ཡིན་ཏེ། བཟོད་པ་མ་བྱས་པར་འཁོན་ཡོད་བཞིན་དུ་ཚུལ་ནས་མ་བྱུང་ཤིག་པའོ། །ཚུལ་ནས་འབྱུང་ཀར་རམ་
164_འདུལ་བ།_རུ,[197a.6]ན་གཅིག་ལ་ཡང་བ་དང་ཤིན་ཏུ་མང་མོ་ཞིག་རྙེད་ན་ཡང་མི་དབང་བ་གཞུག་པའི་རྒྱུ་མ་ཡིན་ཞེས་པ་ནི་དགེ་སློང་གཅིག་ལ་དགེ་འདུན་གྱི་རྙེད་པ་ཕལ་ཆེར་ཕུལ་ན་གཅིག་པུས་ཁྱེར་བ་ཡང་བླ་བ་དང་། དགེ་འདུན་ཕལ་པོ་ཆེའི་རྙེད་པ་རྒན་ཞུགས་གཉིས་ལ་ཕུལ་བ་དག{-- ། --}{++།++}དགེ་འདུན་
164_འདུལ་བ།_རུ,[205a.1]ཅིག་པའོ། །མལ་སྟན་དང་སྔས་དང་གོར་བུ་བཅང་ཞེས་པ་ནི་མིང་གིས་སྨོས་པ་འདི་དག་ཆོངས་ཤིག་པའོ། །བུ་སྨད་རྙེད་ན་སྦྱིན་བདག་གིས་དབང་དུ་བྱ་ཞེས་པ་དང་། ལྡུ{--་--}ན་ཇི་འདོད་ཙམ་དུ་ལྔུར་གཞུག་ཅེས་པ་དང་། སླར་འབུལ་ན་ཡང་རུང་ཞེས་པ་ནི་ཡོན་བདག་གིས་ཇི་དགའ་
164_འདུལ་བ།_རུ,[231a.3]པའི་ཕྱིར་མིང་གིས་སྨོས་པ་འདི་གཉིས་མྱོང་བར་མི་བྱ་བམ་གཏོགས་སོ། །མཚམས་གུད་ན་འདུག་པ་གང་གི་ཡན་ལག་ཀྱང་མ་ཡིན་ཞེས་པ་ནི་ནམ་མཁའ་ལ་འདུག་པ་ལྟ་བུ་མཚམས་ལོགས་ཤིག་ན་འདུག་པ་ནི་རུང་བ་དང་མི་རུང་བ་ལ་སོགས་པ་གང་གི་ཡན་ལག་ཏུ་འང་མ་གཏོགས་པར་སྟོན་པའོ།{-- །--}
164_འདུལ་བ།_རུ,[231a.4]{++།++}ལྷན་ཅིག་ཏུ་གཏོགས་པར་དེར་སོང་ན་འཇིག་ཅེས་པ་ནི་དགེ་འདུན་གྱི་ལས་སུ་བྱའོ་ཅོག་མཚམས་ཐ་མི་དད་ཅིང་ལྷན་ཅིག་ཏུ་བྱ་བ་མ་ཡིན་པ་ལས་དད་པ་བླངས་ནས་ནམ་མཁའ་ལ་འཕགས་པ་ལྟ་བུ་ལ་སོགས་པ་མཚམས་གཞན་དུ་སོང་ན་དད་པ་ལ་སོགས་པ་དེ་དག་འཇིག་པར་སྟོན་པའོ། །གཅིག་ཏུ་རྐང་པ་
164_འདུལ་བ།_རུ,[233a.6]པའམ་རབ་ཏུ་བྱུང་བ་གང་ཡང་རུང་ཁྱིམ་པའི་མཚན་མ་ནི་རབ་ཏུ་མ་བྱུང་བའི་ཆ་ལུགས་སུ་བྱེད་པའོ། །མུ་སྟེགས་བའི་མཚན་མ་ཤེས་པ་ནི་འཕྲལ་བ་ལ་སོ་རིས་བྱེད་པ་དང་། །རིགས་ཀྱི་གཡང་གཞི་ལ་སོགས་པ་ཐོགས་པའོ། །མུ་སྟེགས་པ་བརྟེན་ཅེས་པ་ནི་མུ་སྟེགས་ལ་འཇར་ཞིང་གཞོལ་བའོ།{-- །--}
164_འདུལ་བ།_རུ,[233a.7]{++།++}མི་རིགས་པ་སྤྱོད་ཅེས་པ་ནི་སྤྱད་པ་དང་སྤྱོད་ལམ་བགགས་པ་རྣམས་སྤྱོད་པའོ། །དགེ་སློང་གི་བསླབ་པ་མི་སློབ་ཅེས་པ་ནི་སྲོག་གཅོད་ལས་ལོག་པ་ལ་སོགས་པའི་དངོས་པོ་རྣམས་མི་སློབ་པའོ། །སྲོ་ཤིང་ཞེས་པ་ནི་སྐྲ་ཡེགས་པ་ལ་སོགས་པ་དམུས་བྱུང་བའོ། །དགེ་འདུན་ལ་སྦུ་སྙོལ་ཞེས་པ་ནི་སྙེམས་
164_འདུལ་བ།_རུ,[233b.1]ཤིང་བསྡོ་བ་དང་བྲལ་ཏེ་འཇར་བའོ། །གནོང་བཀུར་ཞེས་པ་ཉེས་པར་ཚོར་བའོ། །གིང་གོང་བྱེད་ཅེས་པ་ནི་ཕོ་ཐེག་བཏང་ཞིང་{--(--}གསགས་{--,གསེགས་)--}བྱེད་པའོ། །མཚན་ལས་ལྡོག་ཅེས་པ་ནི་གང་གི་ཕྱིར་ཆོད་པའི་དམིགས་དེར་འདོར་ཞིང་གཏོང་བའོ། །གསོལ་བ་འདེབས་ཞེས་པ་ནི་དགེ་འདུན་ལ་གསོལ་
164_འདུལ་བ།_རུ,[233b.3]གིས་སྨོས་པ་འདི་རྣམས་གསོལ་བ་འདེབས་ན་གདོད་ལས་སུ་གྱིས་ཤིག་པ་སྟེ། དེ་ལ་དབོག་ཅེས་པ་ནི་ཁང་པ་དང་གཙུག་ལག་ཁང་བརྩིག་ཏུ་གཞུག་པ་ལ་སོགས་པའོ། །འབྱུང་ཞེས་པ་ནི་ལྷག་མ་ལས་དབྱུང་བའོ། །བསྙེན་པར་རྫོགས་ཞེས་པ་ནི་དགེ་སློང་གི་སྡོམ་པ་དབོག་པའོ།{-- །--}
164_འདུལ་བ།_རུ,[233b.4]{++།++}གཞི་ཞེས་པ་ནི་ཁྱིམ་དུ་མི་འདོང་བར་བསླབ་པ་བཅས་པར་དེ་གཏོང་བའོ། །བཀན་ཅེས་པ་ནི་ལྷུང་བཟེད་ཁས་ཕུབ་སྟེ་བཏང་བའོ། ཆད་པ་བཅད་པའི་སྤྱིའི་ཚུལ་དེ་ལྟར་བསྟན་ནས། ཉེས་པའི་དམིགས་ལས་ཆད་པའི་རིམ་པ་སོ་སོར་དབྱེ་བ་དང་སྟོན་པ་ནི་འཐབ་ཀྲོལ་བྱེད་པ་ལས་ཀྱིས་
164_འདུལ་བ།_རུ,[234a.4]སྒྲོགས་ཤིག་པའོ། །ཉེས་བྱས་ནི་ཇི་ལྟར་ཡང་རུང་ཞེས་པ་ནི་ཉེས་ཤེའམ་ཁ་ན་མ་ཐོ་བ་བྱས་ཞེས་བསྒྲགས་པ་ཙམ་གྱིས་ཀྱང་ཉེས་བྱས་བསྒྲགས་པར་འགྱུར་བའོ། །སུ་ལ་བསྒྲགས་ཤེ་ན། རང་བཞིན་དུ་གནས་པ་ལ་ཞེས་པ་ཡིན་ཏེ་སྨོས་པ་ལས་མ་ཡིན་གྱི་དགེ་སློང་ཐ་མལ་པ་ལ་སྨྲོས་ཤིག་པའོ།{-- །--}
164_འདུལ་བ།_རུ,[234a.5]{++།++}ལྟ་བ་ཐ་དད་པའི་རང་བཞིན་དུ་གནས་པ་ལ་ཡང་བསྒྲགས་སམ་ཞེ་ན། གཞན་དུ་མི་ལྟ་བ་ལ་ཞེས་པ་ཡིན་ཏེ། གཞན་དུ་མི་ལྟ་བའི་རང་བཞིན་དུ་གནས་པ་ལ་སྒྲོགས་ཤིག་པའོ། །གཞན་དུ་མི་ལྟ་བའི་དགེ་ཚུལ་ཡན་ཆད་ལ་ཡང་བསྒྲགས་སམ་ཞེ་ན། བསྙེན་པར་རྫོགས་པ་ལ་ཞེས་པ་ཡིན་ཏེ། 
164_འདུལ་བ།_རུ,[234b.2]འདུན་ལའོ་ཞེས་པ་ནི་དབྱེན་དང་རྗེས་སུ་ཕྱོགས་པ་ལ་སོགས་པ་བསྒོ་བ་ལས་བྱུང་བའི་ཉེས་པའོ། །ཆོ་ག་ནི་དགེ་འདུན་ལ་བསྒོ་ཤིག་པའོ། །སོ་སོར་བཤགས་པ་ནི་དགེ་སྦྱོང་གི་གནས་དེར་འདུག་ལའོ་ཞེས་པ་དགེ་སྦྱོང་གི་གནས་སུ་འདུས་སོ་ཅོག་ལ་སོ་སོར་བཤགས་པའི་ཉེས་པ་བསྒོས་ཤིག་པའོ།{-- །--}
164_འདུལ་བ།_རུ,[234b.3]{++།++}ཇི་སྐད་དུ་བསྒྲགས་ཤེ་ན། ཚེ་དང་ལྡན་པ་དག་བདག་གི་ནི་སྨད་པའི་གནས་སུ་གྱུར་པ་འགལ་བ་ཅན་བཤགས་པར་འགྱུར་བ་སྟེ་ཆོས་དེས་སོ་སོར་བཤགས་པར་བགྱིའོ་ཞེས་སོ་ཞེས་པ་ཡིན་ཏེ་བསྒྲགས་པའི་སྙད་འདི་སྐད་གྱིས་ཤིག་པའོ། །དེ་ལ་བསྒྲགས་པ་ནི་ཐབས་འདི་ལྟར་བྱའི་བཤགས་
164_འདུལ་བ།_རུ,[234b.5]རྣམས་ནི་ཡིད་ཀྱིས་མི་བྱ་བར་དམ་བཅས་འདག་ཅིང་སློན་པར་སྟོན་པའོ། །དེ་ལས་གཞན་པ་ནི་དེ་དང་བཤགས་པ་ན་བཅས་པས་སོ་ཞེས་པ་ནི་གོང་མ་ལས་གཞན་པ་སྟེ། ལུས་སམ་ངག་གི་ཉེས་པ་རྣམས་ཡིད་ཀྱིས་བསྡམས་པ་དང་། བཤགས་པ་གཉིས་ཀ་བྱས་པས་གདོད་འདག་པར་སྟོན་པའོ།{-- །--}
164_འདུལ་བ།_རུ,[234b.6]{++།++}སུ་ལ་བཤགས་ཤེ་ན། གཅིག་ལའོ་ཞེས་པ་དང་། གཞན་དུ་མི་ལྟ་བ་དེ་ལའོ་ཞེས་པ་དང་། ཉེས་པ་མི་འདྲ་ལ་ཞེས་པ་དང་། སྡེ་ཡང་ཞེས་པ་ཡིན་ཏེ། གང་ཟག་གཅིག་ལ་བཤགས་པ་དང་། དེའང་གཞན་དུ་མི་ལྟ་བ་དང་། ཉེས་པ་མི་འདྲ་བ་དང་། ལྟུང་བའི་སྡེ་མི་མཐུན་པ་ལ་བཤགས་
164_འདུལ་བ།_རུ,[236a.4]ཤིག་པའོ། །འདི་ལ་འདི་དག་གཡེལ་བར་མི་བྱ་ཞེས་པ་ནི་འདི་ལྟ་བུ་ཚུལ་ཁྲིམས་ཞིག་པ་དགེ་འདུན་འཇོད་ཉོལ་དུ་མ་དོར་བར་བསྐྲད་པ་ལ་སོགས་པའི་ལས་གྱིས་ཤིག་པའོ། །མི་སྣང་བར་བྱས་པ་ཚངས་པར་བྱ་ཞེས་པ་ནི་དགེ་ཚུལ་སྣང་བར་བཀར་བ་ནི་གཏན་དུ་མ་སྤངས་པར་གྱིས་ཤིག་པའོ།{-- །--}
164_འདུལ་བ།_རུ,[236a.5]{++།++}ཆད་པས་གཅོད་པ་རྣམས་ལ་མ་བགྲོས་ན་ཆད་པས་བཅད་པ་ཚངས་ནི་དང་པོ་ཆད་པས་གཅོད་པའི་དགེ་འདུན་རྣམས་མ་གཏོགས་པར་དགེ་འདུན་གཞན་གྱིས་ཆད་པས་བཅད་པ་དེ་འབྲལ་ཞིང་ཚངས་པར་མི་འགྱུར་རོ། །བསྐྲད་པ་ནི་སུན་པའི་གནས་སུ་མི་བཞག་ཅེས་པ་ནི་རིགས་སུན་
164_འདུལ་བ།_རུ,[238a.4]བྱ། བྱུང་བ་ནི་རིགས་ཞེས་བྱའོ་ཞེས་པ་ཡིན་ཏེ། མིང་ནི་ཕས་ཕམ་པ་དང་ལྷག་མ་ཞེས་བྱ་བ་ལྟ་བུའོ། །རིགས་ནི་མི་ཚངས་པར་སྤྱོད་པ་ལས་འབྱུང་བའི་ཕས་ཕམ་པ་ཞེས་པ་དང་། འབྱིན་པ་ལས་བྱུང་བ་ཞེས་བྱ་བའི་ལྷག་མ་ཞེས་བྱ་བ་ལྟ་བུར་ཉེས་པ་ནི་དམིགས་གང་ལས་བྱུང་བ་ཉིད་དེའི་རིགས་ཡིན་པའོ།{-- །--}
164_འདུལ་བ།_རུ,[238a.5]{++།++}བཅོས་པའི་དངོས་པོར་གཏོགས་པའོ།། །།འདི་ལ་བཅོས་པའི་དངོས་པོར་གདགས་པ་ཅིའི་ཕྱིར་ཞེ་ན། གཞུང་ལས་ནི་ཀཽ་ཤ་བ་ཀ་ཀི་དངོས་པོ་དང་། ས་མར་གྱི་དངོས་བོ་ཞེས་འབྱུང་མོད་ཀྱི་དེའི་འཐབ་པ་ཉི་ཚེ་བ་ལས་དེ་སྐད་དུ་སྨོས་པར་ཟད་འདིར་ནི་འཐབ་ཉི་ཚེར་ཟད་ཀྱི་ལྷག་མ་ཀོར་མོར་སྤྱོད་པ་ལ་
164_འདུལ་བ།_རུ,[243b.5]ཤིག་པའོ། །འདིར་བཀྱིགས་པ་བཀྱིགས་པ་དང་། ལྷན་ཅིག་ཏུ་བྱས་ན་ཚངས་པའོ་ཞེས་པ་ནི་དྲུག་སྡེས་དགེ་སློང་ཅིག་ལ་སྐུ་རེར་བཀྱིགས་པ་ཕྱིས་དྲུག་སྡེ་པོ་ཉིད་དང་ལྷན་ཅིག་ཏུ་གསོ་སྦྱིན་བྱས་པས་ཚངས་པར་གྱུར་པ་བཞིན་དུ་དང་པོ་སུས་བཀྱིགས་པ་དེས་བརྩངས་ནས་གཞན་བྱ་མི་དགོས་པར་ཚངས་པའོ།{-- །--}
164_འདུལ་བ།_རུ,[243b.6]{++།++}སྐབས་ཕྱེ་ཡང་རང་རེང་བྱེད་ན་སྐོབས་སུ་གཞུག་ཅེས་པ་ནི་སྐབས་ཕྱེར་ཟིན་གྱི་རྣ་ལམ་མམ་ལྷན་པོར་མི་བཏུབ་ན་སྐོབས་སུ་གཞུག་པ་ཐབས་ཀྱིས་གྱིས་ཤིག་པའོ། །སྐོབས་སུ་གཞུག་པའི་ཐབས་སུ་ཇི་ལྟར་བྱ་ཞེ་ན། འདིའམ་ཆེ་གེ་མོ་ཞིག་གི་གནས་སུ་དངོས་པོ་ཆེ་གེ་མོ་ཞིག་ཅེས་བྱ་བ་དང་། གང་ཡང་
164_འདུལ་བ།_རུ,[245a.2]གྱུར་ན་ཆོས་མ་ཡིན་པར་ལྟ་བ་ལ་མིང་གིས་སྨོས་པ་འདི་རྣམས་ལྟ་བུ་བསྟི་སྟང་ཡང་མ་བྱེད་ཅིག་པའོ། །དེ་ལ་གཏམ་ཞེས་པ་ནི་ཚིག་ཐ་མལ་པའོ། །བྲེ་མོ་གཏམ་ཞེས་པ་ནི་ཡིད་གཅུགས་པའི་གཏམ་མོ། །ཀུན་དགའ་བ་ཞེས་པ་ནི་ནད་དྲི་བ་ལ་སོགས་པའོ། །ལྟ་བ་ཞེས་པ་ནི་ཐ་མལ་པར་ལྟ་བའོ།{-- །--}
164_འདུལ་བ།_རུ,[245a.3]{++།++}རྣམ་པར་ལྟ་ཞེས་པ་ནི་ཁོང་མོར་ལྟ་བའོ། །ལག་བརྡས་མལ་སྟན་སྦྱིན་ཞེས་པ་ནི་ཆོས་མ་ཡིན་པའི་ཕྱོགས་སུ་ལྟ་བ་རྣམས་ལ་མལ་སྟན་ཡང་མ་སྨྲ་བར་ལག་བརྡས་བྱིན་ཅིག་པའོ། །དེས་ཐོས་པར་གཞོགས་སྤད་ཀྱིས་ཞེས་ཁ་ཅིག་ཅེས་པ་ནི་དེ་ལ་མལ་སྟན་བྱིན་པའི་ཚེ་དགེ་སློང་འདིའི་མལ་སྟན་ནི་འདིའོ་
164_འདུལ་བ།_རུ,[250b.2]དམིགས་སུ་མ་ཕེབས་པའོ་ཞེས་པ་ཡིན་ཏེ། དེས་གླེངས་པའང་དམིགས་སུ་ཕེབས་ན་བརྒལ་དུ་ཟིན་ཀྱང་མ་བརྩན་པའོ། །དེ་ལ་དམིགས་པ་གང་ཞེ་ན། ཡུལ་དུས་སྤྱོད་ལམ་བྱས་པ་ནི་དམིགས་སོ་ཞེས་པ་ཡིན་ཏེ། འདི་རྣམས་ཀྱི་དམིགས་སུ་ཕེབས་ན་ནི་དམིགས་སུ་ཕེབས་པ་ཡིན་པའོ།{-- །--}
164_འདུལ་བ།_རུ,[250b.3]{++།++}དེ་ལ་ཡུལ་ཞེས་པ་ནི་ལྐོག་ཡིན་ནམ་མ་ཡིན་པ་དང་ལམ་ཀ་ཡིན་པ་ལྟ་བུའོ། །དུས་ཤེས་པ་ནི་ཉིན་པར་རམ་མཚན་མོ་ལྟ་བུའོ། །སྤྱོད་ལམ་ཤེས་པ་ནི་འགྲེང་ངམ་འདུག་པ་ལྟ་བུའོ། །བྱས་ཞེས་པ་ནི་ཕམ་པ་འམ་ལྷག་མ་ལ་སོགས་པ་བྱས་པའོ། །ཐོད་རྒལ་དང་རྔན་སྡང་གིས་
164_འདུལ་བ།_རུ,[250b.6]བའི་ཕྱིར་མི་འབད་བ་མ་ཡིན་ཞེས་པ་ནི་རྩོད་པར་གྱུར་ཏེ། ཆོ་ག་ལ་གཅུགས་པའི་ནན་མ་ཆུང་ཤིག{-- ། --}{++།++}རྩོད་པའི་དངོས་པོའོ།། །།རྩོད་པའི་དངོས་པོ་ཞུས་པ་ལས་འབྱུང་བ་བསྡུས་ཏེ་སྟོན་པ་ནི་བྱ་བས་རྩོད་པ་ནི་ཞིའོ་ཅོག་འདུ་ཞེས་པ་ལ་སོགས་པ་ཡིན་ཏེ། བྱ་བ་རྩོད་
164_འདུལ་བ།_རུ,[252b.4]བའོ། །རྙེད་པ་མ་ཡིན་པ་ཟས་ལས་སུ་མི་གཞུག་ཅེས་པ་དང་། རྙེད་པ་མ་འཐོབ་པ་ལ་ཡང་ཟས་ནི་སྦྱིན་ཞེས་པ་ནི་ཟས་ཉི་ཚེ་ཟས་ལ་རྙེད་པ་མི་འཐོབ་པ་ལས་སུ་མ་བསྐོ་ཤིག་པའོ། །རྙེད་པ་མི་འཐོབ་པ་ཡང་ཟས་ནི་མ་བཀྱིགས་པར་བྱིན་ཅིག་པའོ།།{-- །--}།གཞན་གྱིས་རྙེད་པར་མི་གཅེ་ན་ཅེས་
164_འདུལ་བ།_རུ,[255b.2]དང{--་། --}{++།++}སྐར་ཁུང་གདོད་ཅེས་པ་དང་། དབུས་སུའོ་ཞེས་པ་དང་། ཕྱི་རུབ་ལ་ནང་ཡངས་པ་རྒྱ་མཚོ་ལྟ་བུར་རོ་ཞེས་པ་དང་། ཤར་བུ་བྱ་ཞེས་པ་དང་། སྒོ་འཕར་དང་གཟེར་གཏན་དང་རྐེད་གཏན་དང་རྐང་གི་དབྱིག་པ་རྣམས་བཅང་ཞེས་པ་དབུག་ཅིང་བཏབ་ཅེས་པ་དང་། གནས་ཁང་གི་སྒོར་ཁྱམས་བྱ་ཞེས་པ་དང་། 
164_འདུལ་བ།_རུ,[258b.1]བསྲེས་ལ་དཀོན་མཆོག་གི་རྩིག་པ་དང་། ཀ་བ་དང་། སྒོ་འཕར་གྱི་གསེབ་ཏུ་བྱུག་པར་ཞེས་པ་དང་། མནོས་ཏེ་ཁྱེར་བས་སོ་ཞེས་པ་དང་། ལྷག་མ་ནི་གཎྜཱིས་བསྡུས་པའི་དགེ་འདུན་གྱིས་སོ་ཞེས་པ་ནི་མི་གཉིས་འགའ་འཁོད་ལ་མལ་སྦེད་ན་ལག་རབ་ཏུ་བསྐུར་བ་ལ་སོགས་པ་ཐབས་འདི་དག་ལྟར་གྱིས་ཤིག་པའོ།{-- །--}
164_འདུལ་བ།_རུ,[258b.2]{++།++}དེ་ལ་མནོས་ཏེ་ཁྱེར་བས་སོ་ཞེས་པ་ནི་མལ་སྟན་སོ་སོར་ཁྱེར་བའི་རིམ་གྲོ་ནི་སོ་སོར་ནོས་པ་དེ་དག་ཉིད་ཀྱིས་གྱིས་ཤིག་པའོ། །ལྷག་མ་ནི་ཞེས་པ་ནི་མ་བགོས་པར་སྤྱི་ལ་འདུག་པ་རྣམས་ནི་དགེ་འདུན་སྤྱིས་བསྡུས་ལ་སྤྲུག་བརྡབ་དང་འཚེམ་འདྲུབ་གྱིས་ཤིག་པའོ། །དགེ་འདུན་གྱིས་བརྐུས་པར་མཐོང་བ་ནུས་ན་མི་
164_འདུལ་བ།_རུ,[259b.2]ཀྱིས་སྐྱེད་ཀྱང་ཞེས་པ་དང་། ཁམ་པའི་སྒྱེད་{--(--}པོ་{--,པུ་)--}ཡ་ཞེས་པ་ནི་མིང་གིས་སྨོས་པ་འདི་རྣམས་ཆོངས་ཤིག་པའོ། །སྡོམ་པ་ཐོབ་པ་ན་ཁར་བ་ཞེས་པ་དང་། ཁ་དོག་གཅིག་པ་ཡང་ཞེས་པ་དང་། འདི་དབོག་ཞེས་པ་དང་། རྒས་སམ་ནད་པ་ཞིག་ནའོ་ཞེས་པ་དང་། འདི་གཉིས་ཚིག་གཅིག་གིས་སྦྱིན་དུ་རུང་ཞེས་པ་ནི་ཁང་
164_འདུལ་བ།_རུ,[261b.4]བཞིན་རྐེད་སྐབས་བུམ་པ་བྲེ་སྲོག་ཤིང་ཕང་ལོ་བཅུ་གསུམ་ཆར་ཀབ་རྣམས་སོ་ཞེས་པ་ནི་སངས་རྒྱས་ཀྱི་མཆོད་རྟེན་མིང་གིས་སྨོས་པ་འདི་དག་ལྟ་བུ་རྣམ་པ་ཚར་བྱུང་བར་གྱིས་ཤིག་པའོ། །རང་སངས་རྒྱས་ཀྱི་ཆར་ཀབ་མེད་པའོ་ཞེས་པ་ནི་རང་སངས་རྒྱས་ཀྱི་མཆོད་རྟེན་ནི་གོང་མ་ལྟ་བུ་ལ་ཆར་ཀབ་མེད་པར་གྱིས་ཤིག་པའོ།{-- །--}
164_འདུལ་བ།_རུ,[261b.5]{++།++}ཉན་ཐོས་པ་ནི་ཕང་ལོ་དང་འབྲས་བུར་སྤྲེལ་བ་ལ་གཅིག་གིས་ལྷག་ཅེས་པ་ནི་རྒྱུན་དུ་ཞུགས་པའི་མཆོད་རྟེན་ནི་ཕང་ལོ་གཉིས་དང་། ལན་ཅིག་ཕྱིར་འོང་བ་ནི་ཕང་ལོ་གསུམ་དང་། ཕྱིར་མི་འོང་བའི་ཕང་ལོ་བཞི་དང་དགྲ་བཅོམ་པའི་ནི་ཕང་ལོ་ལྔ་པ་ལྟ་བུར་འབྲས་བུའི་གྲངས་ལས་ཕང་ལོ་རེ་རེས་སྐྱེད་ཅིག་
164_འདུལ་བ།_རུ,[262a.1]པོར་གྱིས་ཤིག་པའོ། །འདི་ནི་དགེ་འདུན་ཀུན་དགའི་ཕྱི་རོལ་དུ་བྱ་ཞེས་པ་ནི་སོ་སོ་སྐྱེ་བོའི་མཆོད་རྟེན་ཀུན་དགའི་ཕྱི་རོལ་དུ་བརྩིགས་ཤིག་པའོ། །འཕགས་པའི་མཆོད་རྟེན་ལ་ནི་མཆོད་པར་འོས་ཞེས་པ་ནི་འཕགས་པའི་མཆོད་རྟེན་ལ་ནི་ལོ་དུས་སུ་མཆོད་པའི་ཡོ་ལང་གྱིས་ཤིག་པའོ།{-- །--}
164_འདུལ་བ།_རུ,[262a.2]{++།++}ཉན་ཐོས་པའི་མཆོད་རྟེན་ལ་ཕུལ་བའི་ཤས་ནི་ཚངས་པ་མཚུངས་པར་སྤྱོད་པ་ཞེས་པ་ནི་ཉན་ཐོས་ཀྱི་མཆོད་རྟེན་ལ་ཕུལ་བའི་ཤས་ནི་དགེ་འདུན་གཞན་ལ་ཡང་དབང་བའོ། །མུ་ཏིག་ནི་སྨྲས་པ་བཞིན་དུ་བྱ་ཞེས་པ་ནི་མུ་ཏིག་ཡོན་དུ་ཕུལ་བ་བཏགས་ལ་དྲི་གཙང་ཁང་གི་སྐྱང་ནུལ་ལ་སོགས་པ་གོང་དུ་སྨོས་པ་བཞིན་
164_འདུལ་བ།_རུ,[262a.6]དཀར་པོར་རོ་ཞེས་པ་དང་། མར་མེའི་སྟེགས་ཀྱང་ཞེས་པ་དང་། མུ་སྐོར་གྱིས་བསྐོར་ཞེས་པ་དང་། རྟ་བབས་པ་སྒྲེངས་ཞེས་པ་དང{--་། --}{++།++}འདི་ལ་རྒྱལ་མཚན་གཟུགས་ཞེས་པ་དང་། འདི་ནི་རྣམ་པ་བཞི་སྟེ་ཞེས་པ་དང་། སེངྒེའི་རྒྱལ་མཚན་ཆུ་སྲིན་གྱི་རྒྱལ་མཚན་ཀླུའི་རྒྱལ་
168_སྐྱེས་རབས།_ཧུ,[188a.7]དབང་དུ་བྱས་ནས། རྒྱལ་སྲིད་དཔལ་འདི་ཞེས་བྱ་བའི་ཚིགས་བཅད་ཕྱེད་དང་པོའོ། །དེ་བས་བདག་གི་ཤ་སྦྱིན་སྩོལ་བའི་ཞེས་བྱ་བ་ནི་སྦྱིན་བའི་དངོས་པོའི་དབང་དུ་བྱས་པ་སྟེ། བདག་གི་ཤ་སྦྱིན་པར་སྩོལ་བ་ཐོང་ཤིག་ཅེས་བྱ་བ་ནི་རང་གི་{++ཤ་སྦྱིན་པ་ལ་སྩོལ་བ་ནི་རང་གི་++}
